{
  "macro_metrics": {
    "macro_precision": 0.9941390487352945,
    "macro_recall": 0.8604775534276137,
    "macro_f1": 0.9203542153231596,
    "macro_accuracy": 0.9065949227373068
  },
  "per_tooth_metrics": {
    "11": {
      "precision": 1.0,
      "recall": 0.8229166666666666,
      "f1": 0.9028571428571428,
      "accuracy": 0.8874172185430463,
      "support": 288
    },
    "12": {
      "precision": 1.0,
      "recall": 0.8116438356164384,
      "f1": 0.8960302457466919,
      "accuracy": 0.8785871964679912,
      "support": 292
    },
    "13": {
      "precision": 0.9957983193277311,
      "recall": 0.7745098039215687,
      "f1": 0.8713235294117647,
      "accuracy": 0.8454746136865342,
      "support": 306
    },
    "14": {
      "precision": 1.0,
      "recall": 0.7926421404682275,
      "f1": 0.8843283582089553,
      "accuracy": 0.8631346578366446,
      "support": 299
    },
    "15": {
      "precision": 0.9915611814345991,
      "recall": 0.7993197278911565,
      "f1": 0.8851224105461394,
      "accuracy": 0.8653421633554084,
      "support": 294
    },
    "16": {
      "precision": 0.9927536231884058,
      "recall": 0.9383561643835616,
      "f1": 0.9647887323943662,
      "accuracy": 0.9558498896247241,
      "support": 292
    },
    "17": {
      "precision": 0.9770491803278688,
      "recall": 0.946031746031746,
      "f1": 0.9612903225806452,
      "accuracy": 0.9470198675496688,
      "support": 315
    },
    "18": {
      "precision": 0.9955156950672646,
      "recall": 0.9977528089887641,
      "f1": 0.9966329966329966,
      "accuracy": 0.9933774834437086,
      "support": 445
    },
    "21": {
      "precision": 0.9957983193277311,
      "recall": 0.8116438356164384,
      "f1": 0.8943396226415095,
      "accuracy": 0.8763796909492274,
      "support": 292
    },
    "22": {
      "precision": 1.0,
      "recall": 0.7966101694915254,
      "f1": 0.8867924528301887,
      "accuracy": 0.8675496688741722,
      "support": 295
    },
    "23": {
      "precision": 0.9920948616600791,
      "recall": 0.8422818791946308,
      "f1": 0.911070780399274,
      "accuracy": 0.891832229580574,
      "support": 298
    },
    "24": {
      "precision": 1.0,
      "recall": 0.8833333333333333,
      "f1": 0.9380530973451328,
      "accuracy": 0.9227373068432672,
      "support": 300
    },
    "25": {
      "precision": 0.9766536964980544,
      "recall": 0.8256578947368421,
      "f1": 0.8948306595365418,
      "accuracy": 0.869757174392936,
      "support": 304
    },
    "26": {
      "precision": 0.9965635738831615,
      "recall": 0.9539473684210527,
      "f1": 0.9747899159663865,
      "accuracy": 0.9668874172185431,
      "support": 304
    },
    "27": {
      "precision": 0.9932885906040269,
      "recall": 0.9135802469135802,
      "f1": 0.9517684887459807,
      "accuracy": 0.9337748344370861,
      "support": 324
    },
    "28": {
      "precision": 0.9932885906040269,
      "recall": 0.9932885906040269,
      "f1": 0.9932885906040269,
      "accuracy": 0.9867549668874173,
      "support": 447
    },
    "31": {
      "precision": 1.0,
      "recall": 0.7730496453900709,
      "f1": 0.872,
      "accuracy": 0.8587196467991169,
      "support": 282
    },
    "32": {
      "precision": 1.0,
      "recall": 0.7649122807017544,
      "f1": 0.8667992047713717,
      "accuracy": 0.8520971302428256,
      "support": 285
    },
    "33": {
      "precision": 0.9954337899543378,
      "recall": 0.7465753424657534,
      "f1": 0.8532289628180039,
      "accuracy": 0.8344370860927153,
      "support": 292
    },
    "34": {
      "precision": 0.995475113122172,
      "recall": 0.7612456747404844,
      "f1": 0.8627450980392157,
      "accuracy": 0.8454746136865342,
      "support": 289
    },
    "35": {
      "precision": 0.9910313901345291,
      "recall": 0.7809187279151943,
      "f1": 0.8735177865612648,
      "accuracy": 0.8587196467991169,
      "support": 283
    },
    "36": {
      "precision": 0.9923664122137404,
      "recall": 0.931899641577061,
      "f1": 0.9611829944547134,
      "accuracy": 0.9536423841059603,
      "support": 279
    },
    "37": {
      "precision": 0.989010989010989,
      "recall": 0.9121621621621622,
      "f1": 0.9490333919156415,
      "accuracy": 0.9359823399558499,
      "support": 296
    },
    "38": {
      "precision": 1.0,
      "recall": 0.9955257270693513,
      "f1": 0.9977578475336323,
      "accuracy": 0.9955849889624724,
      "support": 447
    },
    "41": {
      "precision": 1.0,
      "recall": 0.7870036101083032,
      "f1": 0.8808080808080808,
      "accuracy": 0.869757174392936,
      "support": 277
    },
    "42": {
      "precision": 0.9954337899543378,
      "recall": 0.7813620071684588,
      "f1": 0.8755020080321285,
      "accuracy": 0.8631346578366446,
      "support": 279
    },
    "43": {
      "precision": 0.9954337899543378,
      "recall": 0.8134328358208955,
      "f1": 0.8952772073921971,
      "accuracy": 0.8874172185430463,
      "support": 268
    },
    "44": {
      "precision": 0.9961685823754789,
      "recall": 0.9187279151943463,
      "f1": 0.9558823529411765,
      "accuracy": 0.9470198675496688,
      "support": 283
    },
    "45": {
      "precision": 0.9914529914529915,
      "recall": 0.7891156462585034,
      "f1": 0.8787878787878788,
      "accuracy": 0.8587196467991169,
      "support": 294
    },
    "46": {
      "precision": 0.9822064056939501,
      "recall": 0.965034965034965,
      "f1": 0.9735449735449735,
      "accuracy": 0.9668874172185431,
      "support": 286
    },
    "47": {
      "precision": 0.9925650557620818,
      "recall": 0.9175257731958762,
      "f1": 0.9535714285714286,
      "accuracy": 0.9426048565121413,
      "support": 291
    },
    "48": {
      "precision": 0.9955056179775281,
      "recall": 0.9932735426008968,
      "f1": 0.9943883277216611,
      "accuracy": 0.9889624724061811,
      "support": 446
    }
  }
}