{
  "micro_metrics": {
    "micro_precision": 0.9404320368885325,
    "micro_recall": 0.9404320368885325,
    "micro_f1": 0.9404320368885325,
    "micro_accuracy": 0.9404320368885325
  },
  "macro_metrics": {
    "macro_precision": 0.9848817144088126,
    "macro_recall": 0.9181516194649634,
    "macro_f1": 0.9488933842451932,
    "macro_accuracy": 0.9404320368885325
  },
  "per_tooth_metrics": {
    "11": {
      "precision": 0.9968553459119497,
      "recall": 0.8673050615595075,
      "f1": 0.9275786393562546,
      "accuracy": 0.9206094627105053,
      "support": 731
    },
    "12": {
      "precision": 0.9892307692307692,
      "recall": 0.8516556291390729,
      "f1": 0.9153024911032028,
      "accuracy": 0.9045709703287891,
      "support": 755
    },
    "13": {
      "precision": 0.9634502923976608,
      "recall": 0.8648293963254593,
      "f1": 0.9114799446749654,
      "accuracy": 0.8973536487570168,
      "support": 762
    },
    "14": {
      "precision": 0.9782903663500678,
      "recall": 0.9575033200531209,
      "f1": 0.9677852348993289,
      "accuracy": 0.9615076182838813,
      "support": 753
    },
    "15": {
      "precision": 0.9812834224598931,
      "recall": 0.9734748010610079,
      "f1": 0.9773635153129161,
      "accuracy": 0.9727345629510826,
      "support": 754
    },
    "16": {
      "precision": 0.9917469050894085,
      "recall": 0.9756427604871448,
      "f1": 0.9836289222373806,
      "accuracy": 0.9807538091419407,
      "support": 739
    },
    "17": {
      "precision": 0.9529411764705882,
      "recall": 0.9759036144578314,
      "f1": 0.9642857142857143,
      "accuracy": 0.9518845228548516,
      "support": 830
    },
    "18": {
      "precision": 0.9747351263243684,
      "recall": 0.9991645781119465,
      "f1": 0.9867986798679867,
      "accuracy": 0.9743384121892542,
      "support": 1197
    },
    "21": {
      "precision": 0.997134670487106,
      "recall": 0.93048128342246,
      "f1": 0.9626556016597511,
      "accuracy": 0.9566960705693665,
      "support": 748
    },
    "22": {
      "precision": 0.9936204146730463,
      "recall": 0.8340026773761714,
      "f1": 0.9068413391557496,
      "accuracy": 0.8973536487570168,
      "support": 747
    },
    "23": {
      "precision": 0.9906976744186047,
      "recall": 0.8140127388535032,
      "f1": 0.8937062937062937,
      "accuracy": 0.8781074578989575,
      "support": 785
    },
    "24": {
      "precision": 0.9927113702623906,
      "recall": 0.9140939597315436,
      "f1": 0.9517819706498952,
      "accuracy": 0.9446672012830793,
      "support": 745
    },
    "25": {
      "precision": 0.9861111111111112,
      "recall": 0.9517426273458445,
      "f1": 0.9686221009549796,
      "accuracy": 0.9631114675220529,
      "support": 746
    },
    "26": {
      "precision": 0.9903846153846154,
      "recall": 0.9769647696476965,
      "f1": 0.9836289222373806,
      "accuracy": 0.9807538091419407,
      "support": 738
    },
    "27": {
      "precision": 0.9696969696969697,
      "recall": 0.9768009768009768,
      "f1": 0.9732360097323601,
      "accuracy": 0.9647153167602245,
      "support": 819
    },
    "28": {
      "precision": 0.9731489015459723,
      "recall": 0.998330550918197,
      "f1": 0.9855789039967038,
      "accuracy": 0.9719326383319968,
      "support": 1198
    },
    "31": {
      "precision": 0.9951845906902087,
      "recall": 0.841248303934871,
      "f1": 0.9117647058823529,
      "accuracy": 0.9037690457097033,
      "support": 737
    },
    "32": {
      "precision": 0.9983922829581994,
      "recall": 0.8403247631935047,
      "f1": 0.9125642909625276,
      "accuracy": 0.9045709703287891,
      "support": 739
    },
    "33": {
      "precision": 0.9967897271268058,
      "recall": 0.8192612137203166,
      "f1": 0.8993482983345402,
      "accuracy": 0.888532477947073,
      "support": 758
    },
    "34": {
      "precision": 0.9984025559105432,
      "recall": 0.8389261744966443,
      "f1": 0.9117432530999271,
      "accuracy": 0.9029671210906175,
      "support": 745
    },
    "35": {
      "precision": 0.9660326086956522,
      "recall": 0.9726402188782489,
      "f1": 0.9693251533742331,
      "accuracy": 0.9639133921411387,
      "support": 731
    },
    "36": {
      "precision": 0.987688098495212,
      "recall": 0.9601063829787234,
      "f1": 0.973701955495617,
      "accuracy": 0.9687249398556536,
      "support": 752
    },
    "37": {
      "precision": 0.962287104622871,
      "recall": 0.9658119658119658,
      "f1": 0.9640463132236441,
      "accuracy": 0.9526864474739375,
      "support": 819
    },
    "38": {
      "precision": 0.9966666666666667,
      "recall": 0.9908864954432477,
      "f1": 0.9937681761528874,
      "accuracy": 0.9879711307137129,
      "support": 1207
    },
    "41": {
      "precision": 0.9983974358974359,
      "recall": 0.829560585885486,
      "f1": 0.9061818181818182,
      "accuracy": 0.896551724137931,
      "support": 751
    },
    "42": {
      "precision": 0.9983948635634029,
      "recall": 0.8543956043956044,
      "f1": 0.92079940784604,
      "accuracy": 0.9141940657578188,
      "support": 728
    },
    "43": {
      "precision": 0.9968051118210862,
      "recall": 0.8210526315789474,
      "f1": 0.9004329004329005,
      "accuracy": 0.8893344025661588,
      "support": 760
    },
    "44": {
      "precision": 0.9831460674157303,
      "recall": 0.9523809523809523,
      "f1": 0.967519004837595,
      "accuracy": 0.9623095429029671,
      "support": 735
    },
    "45": {
      "precision": 0.9794520547945206,
      "recall": 0.9285714285714286,
      "f1": 0.9533333333333334,
      "accuracy": 0.9438652766639936,
      "support": 770
    },
    "46": {
      "precision": 0.9864314789687924,
      "recall": 0.9732262382864793,
      "f1": 0.9797843665768194,
      "accuracy": 0.9759422614274258,
      "support": 747
    },
    "47": {
      "precision": 0.9675324675324676,
      "recall": 0.9347553324968633,
      "f1": 0.9508615188257817,
      "accuracy": 0.9382518043303929,
      "support": 797
    },
    "48": {
      "precision": 0.9825726141078838,
      "recall": 0.9957947855340622,
      "f1": 0.9891395154553049,
      "accuracy": 0.9791499599037691,
      "support": 1189
    }
  },
  "training_config": {
    "loss_function": "Dynamit_Loss",
    "learning_rate": 0.0005,
    "weight_decay": 0.05,
    "dropout_rate": 0.5,
    "batch_size": 32,
    "early_stopping_patience": 10,
    "min_delta": 0.001
  }
}