{
  "micro_metrics": {
    "micro_precision": 0.9265661365399535,
    "micro_recall": 0.9265661365399535,
    "micro_f1": 0.9265661365399535,
    "micro_accuracy": 0.9265661365399535
  },
  "macro_metrics": {
    "macro_precision": 0.9879786695338639,
    "macro_recall": 0.8917590857182511,
    "macro_f1": 0.9358953132902441,
    "macro_accuracy": 0.9265661365399535
  },
  "per_tooth_metrics": {
    "11": {
      "precision": 1.0,
      "recall": 0.9570871261378413,
      "f1": 0.9780730897009967,
      "accuracy": 0.9743987587276959,
      "support": 769
    },
    "12": {
      "precision": 0.9984544049459042,
      "recall": 0.834625322997416,
      "f1": 0.9092188599577762,
      "accuracy": 0.899922420480993,
      "support": 774
    },
    "13": {
      "precision": 0.9909365558912386,
      "recall": 0.8272383354350568,
      "f1": 0.9017182130584193,
      "accuracy": 0.8890612878200155,
      "support": 793
    },
    "14": {
      "precision": 0.9984662576687117,
      "recall": 0.821969696969697,
      "f1": 0.9016620498614959,
      "accuracy": 0.8898370830100854,
      "support": 792
    },
    "15": {
      "precision": 0.9954128440366973,
      "recall": 0.8282442748091603,
      "f1": 0.9041666666666667,
      "accuracy": 0.8929402637703646,
      "support": 786
    },
    "16": {
      "precision": 0.9853723404255319,
      "recall": 0.9698952879581152,
      "f1": 0.9775725593667546,
      "accuracy": 0.9736229635376261,
      "support": 764
    },
    "17": {
      "precision": 0.9599528857479388,
      "recall": 0.9543325526932084,
      "f1": 0.9571344685848503,
      "accuracy": 0.943366951124903,
      "support": 854
    },
    "18": {
      "precision": 0.9880763116057234,
      "recall": 0.9991961414790996,
      "f1": 0.9936051159072742,
      "accuracy": 0.9875872769588828,
      "support": 1244
    },
    "21": {
      "precision": 0.987012987012987,
      "recall": 0.8860103626943006,
      "f1": 0.9337883959044369,
      "accuracy": 0.9247478665632273,
      "support": 772
    },
    "22": {
      "precision": 0.9984615384615385,
      "recall": 0.8374193548387097,
      "f1": 0.9108771929824562,
      "accuracy": 0.9014740108611327,
      "support": 775
    },
    "23": {
      "precision": 0.9969278033794163,
      "recall": 0.8225602027883396,
      "f1": 0.9013888888888889,
      "accuracy": 0.8898370830100854,
      "support": 789
    },
    "24": {
      "precision": 0.9910313901345291,
      "recall": 0.8435114503816794,
      "f1": 0.911340206185567,
      "accuracy": 0.899922420480993,
      "support": 786
    },
    "25": {
      "precision": 0.9870503597122302,
      "recall": 0.8705583756345178,
      "f1": 0.9251517194875253,
      "accuracy": 0.9138867339022498,
      "support": 788
    },
    "26": {
      "precision": 0.9905913978494624,
      "recall": 0.9697368421052631,
      "f1": 0.9800531914893617,
      "accuracy": 0.9767261442979054,
      "support": 760
    },
    "27": {
      "precision": 0.9652694610778443,
      "recall": 0.9549763033175356,
      "f1": 0.9600952948183442,
      "accuracy": 0.948021722265322,
      "support": 844
    },
    "28": {
      "precision": 0.9841772151898734,
      "recall": 1.0,
      "f1": 0.9920255183413078,
      "accuracy": 0.9844840961986036,
      "support": 1244
    },
    "31": {
      "precision": 0.9953271028037384,
      "recall": 0.8234536082474226,
      "f1": 0.9012693935119888,
      "accuracy": 0.891388673390225,
      "support": 776
    },
    "32": {
      "precision": 0.9953416149068323,
      "recall": 0.8346354166666666,
      "f1": 0.9079320113314447,
      "accuracy": 0.8991466252909232,
      "support": 768
    },
    "33": {
      "precision": 0.9953271028037384,
      "recall": 0.8452380952380952,
      "f1": 0.9141630901287554,
      "accuracy": 0.9069045771916214,
      "support": 756
    },
    "34": {
      "precision": 0.9953271028037384,
      "recall": 0.8213367609254498,
      "f1": 0.9,
      "accuracy": 0.8898370830100854,
      "support": 778
    },
    "35": {
      "precision": 0.9938366718027735,
      "recall": 0.8442408376963351,
      "f1": 0.9129511677282378,
      "accuracy": 0.9045771916214119,
      "support": 764
    },
    "36": {
      "precision": 0.9905660377358491,
      "recall": 0.9520725388601037,
      "f1": 0.9709379128137384,
      "accuracy": 0.9658650116369278,
      "support": 772
    },
    "37": {
      "precision": 0.9656019656019657,
      "recall": 0.9357142857142857,
      "f1": 0.9504232164449818,
      "accuracy": 0.9363847944142746,
      "support": 840
    },
    "38": {
      "precision": 0.9904306220095693,
      "recall": 0.9959903769045709,
      "f1": 0.9932027189124351,
      "accuracy": 0.9868114817688131,
      "support": 1247
    },
    "41": {
      "precision": 0.9953271028037384,
      "recall": 0.8266494178525227,
      "f1": 0.9031802120141342,
      "accuracy": 0.8937160589604345,
      "support": 773
    },
    "42": {
      "precision": 0.9968847352024922,
      "recall": 0.8333333333333334,
      "f1": 0.9078014184397163,
      "accuracy": 0.8991466252909232,
      "support": 768
    },
    "43": {
      "precision": 0.9953271028037384,
      "recall": 0.8298701298701299,
      "f1": 0.9050991501416431,
      "accuracy": 0.8960434445306439,
      "support": 770
    },
    "44": {
      "precision": 0.9837037037037037,
      "recall": 0.8645833333333334,
      "f1": 0.9203049203049203,
      "accuracy": 0.9107835531419706,
      "support": 768
    },
    "45": {
      "precision": 0.9854227405247813,
      "recall": 0.8567807351077313,
      "f1": 0.9166101694915254,
      "accuracy": 0.9045771916214119,
      "support": 789
    },
    "46": {
      "precision": 0.981675392670157,
      "recall": 0.9652509652509652,
      "f1": 0.9733939000648929,
      "accuracy": 0.9681923972071373,
      "support": 777
    },
    "47": {
      "precision": 0.9626865671641791,
      "recall": 0.9314079422382672,
      "f1": 0.9467889908256881,
      "accuracy": 0.9325058184639256,
      "support": 831
    },
    "48": {
      "precision": 0.9753381066030231,
      "recall": 0.998371335504886,
      "f1": 0.9867203219315895,
      "accuracy": 0.9743987587276959,
      "support": 1228
    }
  },
  "training_config": {
    "loss_function": "Dynamit_Loss",
    "learning_rate": 0.0005,
    "weight_decay": 0.05,
    "dropout_rate": 0.5,
    "batch_size": 32,
    "early_stopping_patience": 10,
    "min_delta": 0.001
  }
}