{
  "overall_metrics": {
    "missing_precision": 0.7167381974248928,
    "missing_recall": 0.9027027027027027,
    "missing_f1": 0.7990430622009569,
    "missing_accuracy": 0.9270833333333334,
    "missing_balanced_accuracy": 0.9172251879594175,
    "missing_pr_auc_micro": 0.9443906965078739,
    "missing_pr_auc_macro": 0.38564895611350936,
    "jaw_precision": 0.9942857142857143,
    "jaw_recall": 0.9666666666666667,
    "jaw_f1": 0.9802816901408451,
    "jaw_accuracy": 0.9805555555555555
  },
  "macro_metrics": {
    "macro_precision": 0.6158672361160032,
    "macro_recall": 0.6907603294490468,
    "macro_f1": 0.634024412692689,
    "macro_accuracy": 0.9295524691358026,
    "macro_support_min": 5,
    "macro_positions_per_jaw": 8,
    "macro_jaws_included": 2
  },
  "per_jaw_macro": {
    "upper": {
      "macro_precision": 0.6176043757489689,
      "macro_recall": 0.6737332760500743,
      "macro_f1": 0.6325893889042304,
      "macro_accuracy": 0.9319444444444445,
      "macro_positions": 8
    },
    "lower": {
      "macro_precision": 0.6141300964830376,
      "macro_recall": 0.7077873828480192,
      "macro_f1": 0.6354594364811478,
      "macro_accuracy": 0.9271604938271606,
      "macro_positions": 9
    }
  },
  "per_position_metrics": {
    "Upper_18": {
      "position": 0,
      "fdi": 18,
      "jaw": "upper",
      "precision": 0.9640718562874252,
      "recall": 0.9698795180722891,
      "f1": 0.9669669669669669,
      "accuracy": 0.9388888888888889,
      "support": 166
    },
    "Lower_48": {
      "position": 0,
      "fdi": 48,
      "jaw": "lower",
      "precision": 0.9411764705882353,
      "recall": 0.9815950920245399,
      "f1": 0.960960960960961,
      "accuracy": 0.9277777777777778,
      "support": 163
    },
    "Upper_17": {
      "position": 1,
      "fdi": 17,
      "jaw": "upper",
      "precision": 0.78,
      "recall": 0.7959183673469388,
      "f1": 0.7878787878787878,
      "accuracy": 0.8833333333333333,
      "support": 49
    },
    "Lower_47": {
      "position": 1,
      "fdi": 47,
      "jaw": "lower",
      "precision": 0.6666666666666666,
      "recall": 0.717948717948718,
      "f1": 0.691358024691358,
      "accuracy": 0.8611111111111112,
      "support": 39
    },
    "Upper_16": {
      "position": 2,
      "fdi": 16,
      "jaw": "upper",
      "precision": 0.0,
      "recall": 0.0,
      "f1": 0.0,
      "accuracy": 0.9833333333333333,
      "support": 2
    },
    "Lower_46": {
      "position": 2,
      "fdi": 46,
      "jaw": "lower",
      "precision": 0.3,
      "recall": 0.6,
      "f1": 0.4,
      "accuracy": 0.95,
      "support": 5
    },
    "Upper_15": {
      "position": 3,
      "fdi": 15,
      "jaw": "upper",
      "precision": 0.5,
      "recall": 0.3333333333333333,
      "f1": 0.4,
      "accuracy": 0.9833333333333333,
      "support": 3
    },
    "Lower_45": {
      "position": 3,
      "fdi": 45,
      "jaw": "lower",
      "precision": 0.6,
      "recall": 0.3333333333333333,
      "f1": 0.42857142857142855,
      "accuracy": 0.9555555555555556,
      "support": 9
    },
    "Upper_14": {
      "position": 4,
      "fdi": 14,
      "jaw": "upper",
      "precision": 0.42857142857142855,
      "recall": 0.375,
      "f1": 0.4,
      "accuracy": 0.95,
      "support": 8
    },
    "Lower_44": {
      "position": 4,
      "fdi": 44,
      "jaw": "lower",
      "precision": 0.0,
      "recall": 0.0,
      "f1": 0.0,
      "accuracy": 0.9944444444444445,
      "support": 1
    },
    "Upper_13": {
      "position": 5,
      "fdi": 13,
      "jaw": "upper",
      "precision": 0.29411764705882354,
      "recall": 0.7142857142857143,
      "f1": 0.4166666666666667,
      "accuracy": 0.9222222222222223,
      "support": 7
    },
    "Lower_43": {
      "position": 5,
      "fdi": 43,
      "jaw": "lower",
      "precision": 0.0,
      "recall": 0.0,
      "f1": 0.0,
      "accuracy": 0.9833333333333333,
      "support": 3
    },
    "Upper_12": {
      "position": 6,
      "fdi": 12,
      "jaw": "upper",
      "precision": 0.0,
      "recall": 0.0,
      "f1": 0.0,
      "accuracy": 0.6611111111111111,
      "support": 1
    },
    "Lower_42": {
      "position": 6,
      "fdi": 42,
      "jaw": "lower",
      "precision": 0.0,
      "recall": 0.0,
      "f1": 0.0,
      "accuracy": 0.7722222222222223,
      "support": 0
    },
    "Upper_11": {
      "position": 7,
      "fdi": 11,
      "jaw": "upper",
      "precision": 0.0,
      "recall": 0.0,
      "f1": 0.0,
      "accuracy": 0.9722222222222222,
      "support": 0
    },
    "Lower_41": {
      "position": 7,
      "fdi": 41,
      "jaw": "lower",
      "precision": 0.0,
      "recall": 0.0,
      "f1": 0.0,
      "accuracy": 0.9611111111111111,
      "support": 1
    },
    "Upper_21": {
      "position": 8,
      "fdi": 21,
      "jaw": "upper",
      "precision": 0.0,
      "recall": 0.0,
      "f1": 0.0,
      "accuracy": 0.9777777777777777,
      "support": 0
    },
    "Lower_31": {
      "position": 8,
      "fdi": 31,
      "jaw": "lower",
      "precision": 0.023809523809523808,
      "recall": 1.0,
      "f1": 0.046511627906976744,
      "accuracy": 0.7722222222222223,
      "support": 1
    },
    "Upper_22": {
      "position": 9,
      "fdi": 22,
      "jaw": "upper",
      "precision": 0.0,
      "recall": 0.0,
      "f1": 0.0,
      "accuracy": 0.8944444444444445,
      "support": 1
    },
    "Lower_32": {
      "position": 9,
      "fdi": 32,
      "jaw": "lower",
      "precision": 0.0,
      "recall": 0.0,
      "f1": 0.0,
      "accuracy": 0.9722222222222222,
      "support": 0
    },
    "Upper_23": {
      "position": 10,
      "fdi": 23,
      "jaw": "upper",
      "precision": 0.75,
      "recall": 0.6,
      "f1": 0.6666666666666666,
      "accuracy": 0.9666666666666667,
      "support": 10
    },
    "Lower_33": {
      "position": 10,
      "fdi": 33,
      "jaw": "lower",
      "precision": 0.0,
      "recall": 0.0,
      "f1": 0.0,
      "accuracy": 0.9777777777777777,
      "support": 4
    },
    "Upper_24": {
      "position": 11,
      "fdi": 24,
      "jaw": "upper",
      "precision": 0.0,
      "recall": 0.0,
      "f1": 0.0,
      "accuracy": 0.9833333333333333,
      "support": 3
    },
    "Lower_34": {
      "position": 11,
      "fdi": 34,
      "jaw": "lower",
      "precision": 0.6666666666666666,
      "recall": 0.8,
      "f1": 0.7272727272727273,
      "accuracy": 0.9833333333333333,
      "support": 5
    },
    "Upper_25": {
      "position": 12,
      "fdi": 25,
      "jaw": "upper",
      "precision": 0.0,
      "recall": 0.0,
      "f1": 0.0,
      "accuracy": 0.9444444444444444,
      "support": 6
    },
    "Lower_35": {
      "position": 12,
      "fdi": 35,
      "jaw": "lower",
      "precision": 0.6,
      "recall": 0.5,
      "f1": 0.5454545454545454,
      "accuracy": 0.9722222222222222,
      "support": 6
    },
    "Upper_26": {
      "position": 13,
      "fdi": 26,
      "jaw": "upper",
      "precision": 0.3333333333333333,
      "recall": 0.3333333333333333,
      "f1": 0.3333333333333333,
      "accuracy": 0.9777777777777777,
      "support": 3
    },
    "Lower_36": {
      "position": 13,
      "fdi": 36,
      "jaw": "lower",
      "precision": 0.17647058823529413,
      "recall": 0.6,
      "f1": 0.2727272727272727,
      "accuracy": 0.9111111111111111,
      "support": 5
    },
    "Upper_27": {
      "position": 14,
      "fdi": 27,
      "jaw": "upper",
      "precision": 0.7962962962962963,
      "recall": 0.9347826086956522,
      "f1": 0.86,
      "accuracy": 0.9222222222222223,
      "support": 46
    },
    "Lower_37": {
      "position": 14,
      "fdi": 37,
      "jaw": "lower",
      "precision": 0.6428571428571429,
      "recall": 0.8372093023255814,
      "f1": 0.7272727272727273,
      "accuracy": 0.85,
      "support": 43
    },
    "Upper_28": {
      "position": 15,
      "fdi": 28,
      "jaw": "upper",