{
  "overall_metrics": {
    "missing_precision": 0.6241610738255033,
    "missing_recall": 0.9048648648648648,
    "missing_f1": 0.7387466902030009,
    "missing_accuracy": 0.8972222222222223,
    "missing_balanced_accuracy": 0.900312473797479,
    "missing_pr_auc_micro": 0.9268609133402025,
    "missing_pr_auc_macro": 0.32817993493445297,
    "jaw_precision": 0.9943181818181818,
    "jaw_recall": 0.9722222222222222,
    "jaw_f1": 0.9831460674157303,
    "jaw_accuracy": 0.9833333333333333
  },
  "macro_metrics": {
    "macro_precision": 0.31471357064864103,
    "macro_recall": 0.4687300660735485,
    "macro_f1": 0.334084791935326,
    "macro_accuracy": 0.8888888888888888,
    "macro_support_min": 1,
    "macro_positions_per_jaw": 14,
    "macro_jaws_included": 2
  },
  "per_jaw_macro": {
    "upper": {
      "macro_precision": 0.30023938092181407,
      "macro_recall": 0.48784488950859844,
      "macro_f1": 0.32307495653685087,
      "macro_accuracy": 0.8626984126984125,
      "macro_positions": 14
    },
    "lower": {
      "macro_precision": 0.329187760375468,
      "macro_recall": 0.44961524263849856,
      "macro_f1": 0.3450946273338011,
      "macro_accuracy": 0.915079365079365,
      "macro_positions": 14
    }
  },
  "per_position_metrics": {
    "Upper_18": {
      "position": 0,
      "fdi": 18,
      "jaw": "upper",
      "precision": 0.9222222222222223,
      "recall": 1.0,
      "f1": 0.9595375722543352,
      "accuracy": 0.9222222222222223,
      "support": 166
    },
    "Lower_48": {
      "position": 0,
      "fdi": 48,
      "jaw": "lower",
      "precision": 0.9055555555555556,
      "recall": 1.0,
      "f1": 0.9504373177842566,
      "accuracy": 0.9055555555555556,
      "support": 163
    },
    "Upper_17": {
      "position": 1,
      "fdi": 17,
      "jaw": "upper",
      "precision": 0.7346938775510204,
      "recall": 0.7346938775510204,
      "f1": 0.7346938775510204,
      "accuracy": 0.8555555555555555,
      "support": 49
    },
    "Lower_47": {
      "position": 1,
      "fdi": 47,
      "jaw": "lower",
      "precision": 0.7209302325581395,
      "recall": 0.7948717948717948,
      "f1": 0.7560975609756098,
      "accuracy": 0.8888888888888888,
      "support": 39
    },
    "Upper_16": {
      "position": 2,
      "fdi": 16,
      "jaw": "upper",
      "precision": 0.0,
      "recall": 0.0,
      "f1": 0.0,
      "accuracy": 0.9666666666666667,
      "support": 2
    },
    "Lower_46": {
      "position": 2,
      "fdi": 46,
      "jaw": "lower",
      "precision": 0.21428571428571427,
      "recall": 0.6,
      "f1": 0.3157894736842105,
      "accuracy": 0.9277777777777778,
      "support": 5
    },
    "Upper_15": {
      "position": 3,
      "fdi": 15,
      "jaw": "upper",
      "precision": 0.043478260869565216,
      "recall": 0.3333333333333333,
      "f1": 0.07692307692307693,
      "accuracy": 0.8666666666666667,
      "support": 3
    },
    "Lower_45": {
      "position": 3,
      "fdi": 45,
      "jaw": "lower",
      "precision": 0.125,
      "recall": 0.8888888888888888,
      "f1": 0.2191780821917808,
      "accuracy": 0.6833333333333333,
      "support": 9
    },
    "Upper_14": {
      "position": 4,
      "fdi": 14,
      "jaw": "upper",
      "precision": 0.2222222222222222,
      "recall": 0.25,
      "f1": 0.23529411764705882,
      "accuracy": 0.9277777777777778,
      "support": 8
    },
    "Lower_44": {
      "position": 4,
      "fdi": 44,
      "jaw": "lower",
      "precision": 0.0,
      "recall": 0.0,
      "f1": 0.0,
      "accuracy": 0.9944444444444445,
      "support": 1
    },
    "Upper_13": {
      "position": 5,
      "fdi": 13,
      "jaw": "upper",
      "precision": 0.3333333333333333,
      "recall": 0.2857142857142857,
      "f1": 0.3076923076923077,
      "accuracy": 0.95,
      "support": 7
    },
    "Lower_43": {
      "position": 5,
      "fdi": 43,
      "jaw": "lower",
      "precision": 0.0,
      "recall": 0.0,
      "f1": 0.0,
      "accuracy": 0.9833333333333333,
      "support": 3
    },
    "Upper_12": {
      "position": 6,
      "fdi": 12,
      "jaw": "upper",
      "precision": 0.007518796992481203,
      "recall": 1.0,
      "f1": 0.014925373134328358,
      "accuracy": 0.26666666666666666,
      "support": 1
    },
    "Lower_42": {
      "position": 6,
      "fdi": 42,
      "jaw": "lower",
      "precision": 0.0,
      "recall": 0.0,
      "f1": 0.0,
      "accuracy": 0.8777777777777778,
      "support": 0
    },
    "Upper_11": {
      "position": 7,
      "fdi": 11,
      "jaw": "upper",
      "precision": 0.0,
      "recall": 0.0,
      "f1": 0.0,
      "accuracy": 0.9777777777777777,
      "support": 0
    },
    "Lower_41": {
      "position": 7,
      "fdi": 41,
      "jaw": "lower",
      "precision": 0.0,
      "recall": 0.0,
      "f1": 0.0,
      "accuracy": 0.9833333333333333,
      "support": 1
    },
    "Upper_21": {
      "position": 8,
      "fdi": 21,
      "jaw": "upper",
      "precision": 0.0,
      "recall": 0.0,
      "f1": 0.0,
      "accuracy": 0.9833333333333333,
      "support": 0
    },
    "Lower_31": {
      "position": 8,
      "fdi": 31,
      "jaw": "lower",
      "precision": 0.0,
      "recall": 0.0,
      "f1": 0.0,
      "accuracy": 0.8888888888888888,
      "support": 1
    },
    "Upper_22": {
      "position": 9,
      "fdi": 22,
      "jaw": "upper",
      "precision": 0.0,
      "recall": 0.0,
      "f1": 0.0,
      "accuracy": 0.9722222222222222,
      "support": 1
    },
    "Lower_32": {
      "position": 9,
      "fdi": 32,
      "jaw": "lower",
      "precision": 0.0,
      "recall": 0.0,
      "f1": 0.0,
      "accuracy": 0.9833333333333333,
      "support": 0
    },
    "Upper_23": {
      "position": 10,
      "fdi": 23,
      "jaw": "upper",
      "precision": 0.1836734693877551,
      "recall": 0.9,
      "f1": 0.3050847457627119,
      "accuracy": 0.7722222222222223,
      "support": 10
    },
    "Lower_33": {
      "position": 10,
      "fdi": 33,
      "jaw": "lower",
      "precision": 0.0,
      "recall": 0.0,
      "f1": 0.0,
      "accuracy": 0.9777777777777777,
      "support": 4
    },
    "Upper_24": {
      "position": 11,
      "fdi": 24,
      "jaw": "upper",
      "precision": 0.0,
      "recall": 0.0,
      "f1": 0.0,
      "accuracy": 0.9833333333333333,
      "support": 3
    },
    "Lower_34": {
      "position": 11,
      "fdi": 34,
      "jaw": "lower",
      "precision": 0.5,
      "recall": 0.2,
      "f1": 0.2857142857142857,
      "accuracy": 0.9722222222222222,
      "support": 5
    },
    "Upper_25": {
      "position": 12,
      "fdi": 25,
      "jaw": "upper",
      "precision": 0.08333333333333333,
      "recall": 0.5,
      "f1": 0.14285714285714285,
      "accuracy": 0.8,
      "support": 6
    },
    "Lower_35": {
      "position": 12,
      "fdi": 35,
      "jaw": "lower",
      "precision": 0.14285714285714285,
      "recall": 0.6666666666666666,
      "f1": 0.23529411764705882,
      "accuracy": 0.8555555555555555,
      "support": 6
    },
    "Upper_26": {
      "position": 13,
      "fdi": 26,
      "jaw": "upper",
      "precision": 0.0,
      "recall": 0.0,
      "f1": 0.0,
      "accuracy": 0.9833333333333333,
      "support": 3
    },
    "Lower_36": {
      "position": 13,
      "fdi": 36,
      "jaw": "lower",
      "precision": 0.4,
      "recall": 0.4,
      "f1": 0.4,
      "accuracy": 0.9666666666666667,
      "support": 5
    },
    "Upper_27": {
      "position": 14,
      "fdi": 27,
      "jaw": "upper",
      "precision": 0.7450980392156863,
      "recall": 0.8260869565217391,
      "f1": 0.7835051546391752,
      "accuracy": 0.8833333333333333,
      "support": 46
    },
    "Lower_37": {
      "position": 14,
      "fdi": 37,
      "jaw": "lower",
      "precision": 0.6666666666666666,
      "recall": 0.7441860465116279,
      "f1": 0.7032967032967034,
      "accuracy": 0.85,
      "support": 43
    },
    "Upper_28": {
      "position": 15,