{
  "micro_metrics": {
    "micro_precision": 0.97578125,
    "micro_recall": 0.97578125,
    "micro_f1": 0.97578125,
    "micro_accuracy": 0.97578125
  },
  "macro_metrics": {
    "macro_precision": 0.9839476966834577,
    "macro_recall": 0.9762550424139804,
    "macro_f1": 0.9799354448863198,
    "macro_accuracy": 0.97578125
  },
  "per_tooth_metrics": {
    "11": {
      "precision": 0.994475138121547,
      "recall": 1.0,
      "f1": 0.997229916897507,
      "accuracy": 0.9972222222222222,
      "support": 180
    },
    "12": {
      "precision": 0.9836065573770492,
      "recall": 0.994475138121547,
      "f1": 0.989010989010989,
      "accuracy": 0.9888888888888889,
      "support": 181
    },
    "13": {
      "precision": 0.994535519125683,
      "recall": 0.9732620320855615,
      "f1": 0.9837837837837838,
      "accuracy": 0.9833333333333333,
      "support": 187
    },
    "14": {
      "precision": 0.9836065573770492,
      "recall": 0.9574468085106383,
      "f1": 0.9703504043126685,
      "accuracy": 0.9694444444444444,
      "support": 188
    },
    "15": {
      "precision": 0.9836065573770492,
      "recall": 0.9836065573770492,
      "f1": 0.9836065573770492,
      "accuracy": 0.9833333333333333,
      "support": 183
    },
    "16": {
      "precision": 0.9836065573770492,
      "recall": 0.989010989010989,
      "f1": 0.9863013698630136,
      "accuracy": 0.9861111111111112,
      "support": 182
    },
    "17": {
      "precision": 0.9439655172413793,
      "recall": 0.9563318777292577,
      "f1": 0.9501084598698482,
      "accuracy": 0.9361111111111111,
      "support": 229
    },
    "18": {
      "precision": 0.9637883008356546,
      "recall": 1.0,
      "f1": 0.9815602836879432,
      "accuracy": 0.9638888888888889,
      "support": 346
    },
    "21": {
      "precision": 0.994475138121547,
      "recall": 1.0,
      "f1": 0.997229916897507,
      "accuracy": 0.9972222222222222,
      "support": 180
    },
    "22": {
      "precision": 0.9836065573770492,
      "recall": 0.994475138121547,
      "f1": 0.989010989010989,
      "accuracy": 0.9888888888888889,
      "support": 181
    },
    "23": {
      "precision": 0.994535519125683,
      "recall": 0.9578947368421052,
      "f1": 0.9758713136729222,
      "accuracy": 0.975,
      "support": 190
    },
    "24": {
      "precision": 0.9836065573770492,
      "recall": 0.9836065573770492,
      "f1": 0.9836065573770492,
      "accuracy": 0.9833333333333333,
      "support": 183
    },
    "25": {
      "precision": 0.9836065573770492,
      "recall": 0.967741935483871,
      "f1": 0.975609756097561,
      "accuracy": 0.975,
      "support": 186
    },
    "26": {
      "precision": 0.9836065573770492,
      "recall": 0.9836065573770492,
      "f1": 0.9836065573770492,
      "accuracy": 0.9833333333333333,
      "support": 183
    },
    "27": {
      "precision": 0.9475982532751092,
      "recall": 0.9601769911504425,
      "f1": 0.9538461538461539,
      "accuracy": 0.9416666666666667,
      "support": 226
    },
    "28": {
      "precision": 0.9638888888888889,
      "recall": 1.0,
      "f1": 0.9816124469589816,
      "accuracy": 0.9638888888888889,
      "support": 347
    },
    "31": {
      "precision": 1.0,
      "recall": 0.9779005524861878,
      "f1": 0.9888268156424581,
      "accuracy": 0.9888888888888889,
      "support": 181
    },
    "32": {
      "precision": 1.0,
      "recall": 0.9833333333333333,
      "f1": 0.9915966386554622,
      "accuracy": 0.9916666666666667,
      "support": 180
    },
    "33": {
      "precision": 1.0,
      "recall": 0.9728260869565217,
      "f1": 0.9862258953168044,
      "accuracy": 0.9861111111111112,
      "support": 184
    },
    "34": {
      "precision": 1.0,
      "recall": 0.9675675675675676,
      "f1": 0.9835164835164835,
      "accuracy": 0.9833333333333333,
      "support": 185
    },
    "35": {
      "precision": 1.0,
      "recall": 0.9623655913978495,
      "f1": 0.9808219178082191,
      "accuracy": 0.9805555555555555,
      "support": 186
    },
    "36": {
      "precision": 1.0,
      "recall": 0.9675675675675676,
      "f1": 0.9835164835164835,
      "accuracy": 0.9833333333333333,
      "support": 185
    },
    "37": {
      "precision": 0.9530516431924883,
      "recall": 0.9103139013452914,
      "f1": 0.9311926605504587,
      "accuracy": 0.9166666666666666,
      "support": 223
    },
    "38": {
      "precision": 0.9666666666666667,
      "recall": 1.0,
      "f1": 0.9830508474576272,
      "accuracy": 0.9666666666666667,
      "support": 348
    },
    "41": {
      "precision": 1.0,
      "recall": 0.988950276243094,
      "f1": 0.9944444444444445,
      "accuracy": 0.9944444444444445,
      "support": 181
    },
    "42": {
      "precision": 1.0,
      "recall": 0.9944444444444445,
      "f1": 0.9972144846796658,
      "accuracy": 0.9972222222222222,
      "support": 180
    },
    "43": {
      "precision": 1.0,
      "recall": 0.9781420765027322,
      "f1": 0.988950276243094,
      "accuracy": 0.9888888888888889,
      "support": 183
    },
    "44": {
      "precision": 1.0,
      "recall": 0.988950276243094,
      "f1": 0.9944444444444445,
      "accuracy": 0.9944444444444445,
      "support": 181
    },
    "45": {
      "precision": 0.9944444444444445,
      "recall": 0.9470899470899471,
      "f1": 0.9701897018970189,
      "accuracy": 0.9694444444444444,
      "support": 189
    },
    "46": {
      "precision": 1.0,
      "recall": 0.9675675675675676,
      "f1": 0.9835164835164835,
      "accuracy": 0.9833333333333333,
      "support": 185
    },
    "47": {
      "precision": 0.9532710280373832,
      "recall": 0.9315068493150684,
      "f1": 0.9422632794457275,
      "accuracy": 0.9305555555555556,
      "support": 219
    },
    "48": {
      "precision": 0.9527777777777777,
      "recall": 1.0,
      "f1": 0.9758179231863442,
      "accuracy": 0.9527777777777777,
      "support": 343
    }
  },
  "training_config": {
    "loss_function": "DynamitLoss",
    "learning_rate": 0.0005,
    "weight_decay": 0.05,
    "dropout_rate": 0.5,
    "batch_size": 16,
    "early_stopping_patience": 10,
    "min_delta": 0.001
  }
}