{
  "micro_metrics": {
    "micro_precision": 0.9700520833333334,
    "micro_recall": 0.9700520833333334,
    "micro_f1": 0.9700520833333334,
    "micro_accuracy": 0.9700520833333334
  },
  "macro_metrics": {
    "macro_precision": 0.9946202470001558,
    "macro_recall": 0.9558287512705854,
    "macro_f1": 0.9732143619875646,
    "macro_accuracy": 0.9700520833333333
  },
  "per_tooth_metrics": {
    "11": {
      "precision": 1.0,
      "recall": 0.9935064935064936,
      "f1": 0.996742671009772,
      "accuracy": 0.9972222222222222,
      "support": 154
    },
    "12": {
      "precision": 1.0,
      "recall": 0.9745222929936306,
      "f1": 0.9870967741935484,
      "accuracy": 0.9888888888888889,
      "support": 157
    },
    "13": {
      "precision": 1.0,
      "recall": 0.8947368421052632,
      "f1": 0.9444444444444444,
      "accuracy": 0.95,
      "support": 171
    },
    "14": {
      "precision": 1.0,
      "recall": 0.9807692307692307,
      "f1": 0.9902912621359223,
      "accuracy": 0.9916666666666667,
      "support": 156
    },
    "15": {
      "precision": 1.0,
      "recall": 0.9745222929936306,
      "f1": 0.9870967741935484,
      "accuracy": 0.9888888888888889,
      "support": 157
    },
    "16": {
      "precision": 1.0,
      "recall": 0.9622641509433962,
      "f1": 0.9807692307692307,
      "accuracy": 0.9833333333333333,
      "support": 159
    },
    "17": {
      "precision": 1.0,
      "recall": 0.7110091743119266,
      "f1": 0.8310991957104558,
      "accuracy": 0.825,
      "support": 218
    },
    "18": {
      "precision": 0.9722222222222222,
      "recall": 1.0,
      "f1": 0.9859154929577465,
      "accuracy": 0.9722222222222222,
      "support": 350
    },
    "21": {
      "precision": 1.0,
      "recall": 0.9935064935064936,
      "f1": 0.996742671009772,
      "accuracy": 0.9972222222222222,
      "support": 154
    },
    "22": {
      "precision": 1.0,
      "recall": 0.9935064935064936,
      "f1": 0.996742671009772,
      "accuracy": 0.9972222222222222,
      "support": 154
    },
    "23": {
      "precision": 1.0,
      "recall": 0.9107142857142857,
      "f1": 0.9532710280373832,
      "accuracy": 0.9583333333333334,
      "support": 168
    },
    "24": {
      "precision": 1.0,
      "recall": 0.9807692307692307,
      "f1": 0.9902912621359223,
      "accuracy": 0.9916666666666667,
      "support": 156
    },
    "25": {
      "precision": 1.0,
      "recall": 0.9683544303797469,
      "f1": 0.9839228295819936,
      "accuracy": 0.9861111111111112,
      "support": 158
    },
    "26": {
      "precision": 1.0,
      "recall": 0.9807692307692307,
      "f1": 0.9902912621359223,
      "accuracy": 0.9916666666666667,
      "support": 156
    },
    "27": {
      "precision": 0.9935483870967742,
      "recall": 0.7264150943396226,
      "f1": 0.8392370572207084,
      "accuracy": 0.8361111111111111,
      "support": 212
    },
    "28": {
      "precision": 0.975,
      "recall": 1.0,
      "f1": 0.9873417721518988,
      "accuracy": 0.975,
      "support": 351
    },
    "31": {
      "precision": 1.0,
      "recall": 1.0,
      "f1": 1.0,
      "accuracy": 1.0,
      "support": 206
    },
    "32": {
      "precision": 1.0,
      "recall": 1.0,
      "f1": 1.0,
      "accuracy": 1.0,
      "support": 206
    },
    "33": {
      "precision": 0.9951690821256038,
      "recall": 0.976303317535545,
      "f1": 0.9856459330143541,
      "accuracy": 0.9833333333333333,
      "support": 211
    },
    "34": {
      "precision": 0.9951690821256038,
      "recall": 0.9856459330143541,
      "f1": 0.9903846153846154,
      "accuracy": 0.9888888888888889,
      "support": 209
    },
    "35": {
      "precision": 0.9951690821256038,
      "recall": 0.976303317535545,
      "f1": 0.9856459330143541,
      "accuracy": 0.9833333333333333,
      "support": 211
    },
    "36": {
      "precision": 1.0,
      "recall": 0.9671361502347418,
      "f1": 0.9832935560859188,
      "accuracy": 0.9805555555555555,
      "support": 213
    },
    "37": {
      "precision": 0.9951690821256038,
      "recall": 0.8512396694214877,
      "f1": 0.9175946547884187,
      "accuracy": 0.8972222222222223,
      "support": 242
    },
    "38": {
      "precision": 0.9722222222222222,
      "recall": 1.0,
      "f1": 0.9859154929577465,
      "accuracy": 0.9722222222222222,
      "support": 350
    },
    "41": {
      "precision": 0.9951690821256038,
      "recall": 1.0,
      "f1": 0.9975786924939467,
      "accuracy": 0.9972222222222222,
      "support": 206
    },
    "42": {
      "precision": 1.0,
      "recall": 1.0,
      "f1": 1.0,
      "accuracy": 1.0,
      "support": 206
    },
    "43": {
      "precision": 1.0,
      "recall": 0.9809523809523809,
      "f1": 0.9903846153846154,
      "accuracy": 0.9888888888888889,
      "support": 210
    },
    "44": {
      "precision": 0.9951690821256038,
      "recall": 0.9856459330143541,
      "f1": 0.9903846153846154,
      "accuracy": 0.9888888888888889,
      "support": 209
    },
    "45": {
      "precision": 0.9951690821256038,
      "recall": 0.976303317535545,
      "f1": 0.9856459330143541,
      "accuracy": 0.9833333333333333,
      "support": 211
    },
    "46": {
      "precision": 0.9951690821256038,
      "recall": 0.9903846153846154,
      "f1": 0.9927710843373494,
      "accuracy": 0.9916666666666667,
      "support": 208
    },
    "47": {
      "precision": 0.9951690821256038,
      "recall": 0.8512396694214877,
      "f1": 0.9175946547884187,
      "accuracy": 0.8972222222222223,
      "support": 242
    },
    "48": {
      "precision": 0.9583333333333334,
      "recall": 1.0,
      "f1": 0.9787234042553191,
      "accuracy": 0.9583333333333334,
      "support": 345
    }
  },
  "training_config": {
    "loss_function": "DynamitLoss",
    "learning_rate": 0.0005,
    "weight_decay": 0.05,
    "dropout_rate": 0.5,
    "batch_size": 16,
    "early_stopping_patience": 10,
    "min_delta": 0.001
  }
}