{
  "macro_metrics": {
    "macro_precision": 0.9938426167735734,
    "macro_recall": 0.982022204714064,
    "macro_f1": 0.9878381564053638,
    "macro_accuracy": 0.9861111111111112
  },
  "per_tooth_metrics": {
    "11": {
      "precision": 1.0,
      "recall": 0.9942528735632183,
      "f1": 0.9971181556195965,
      "accuracy": 0.9972222222222222,
      "support": 174
    },
    "12": {
      "precision": 1.0,
      "recall": 0.9666666666666667,
      "f1": 0.9830508474576272,
      "accuracy": 0.9833333333333333,
      "support": 180
    },
    "13": {
      "precision": 0.9945054945054945,
      "recall": 0.9627659574468085,
      "f1": 0.9783783783783784,
      "accuracy": 0.9777777777777777,
      "support": 188
    },
    "14": {
      "precision": 1.0,
      "recall": 0.9611111111111111,
      "f1": 0.9801699716713881,
      "accuracy": 0.9805555555555555,
      "support": 180
    },
    "15": {
      "precision": 0.9830508474576272,
      "recall": 0.9886363636363636,
      "f1": 0.9858356940509915,
      "accuracy": 0.9861111111111112,
      "support": 176
    },
    "16": {
      "precision": 0.9942528735632183,
      "recall": 0.9774011299435028,
      "f1": 0.9857549857549858,
      "accuracy": 0.9861111111111112,
      "support": 177
    },
    "17": {
      "precision": 0.9612068965517241,
      "recall": 0.9570815450643777,
      "f1": 0.9591397849462365,
      "accuracy": 0.9472222222222222,
      "support": 233
    },
    "18": {
      "precision": 0.9943019943019943,
      "recall": 0.9971428571428571,
      "f1": 0.9957203994293866,
      "accuracy": 0.9916666666666667,
      "support": 350
    },
    "21": {
      "precision": 1.0,
      "recall": 0.9942528735632183,
      "f1": 0.9971181556195965,
      "accuracy": 0.9972222222222222,
      "support": 174
    },
    "22": {
      "precision": 1.0,
      "recall": 0.9942528735632183,
      "f1": 0.9971181556195965,
      "accuracy": 0.9972222222222222,
      "support": 174
    },
    "23": {
      "precision": 0.9830508474576272,
      "recall": 0.9354838709677419,
      "f1": 0.9586776859504132,
      "accuracy": 0.9583333333333334,
      "support": 186
    },
    "24": {
      "precision": 1.0,
      "recall": 0.9719101123595506,
      "f1": 0.9857549857549858,
      "accuracy": 0.9861111111111112,
      "support": 178
    },
    "25": {
      "precision": 1.0,
      "recall": 0.9774011299435028,
      "f1": 0.9885714285714285,
      "accuracy": 0.9888888888888889,
      "support": 177
    },
    "26": {
      "precision": 0.9942857142857143,
      "recall": 0.9942857142857143,
      "f1": 0.9942857142857143,
      "accuracy": 0.9944444444444445,
      "support": 175
    },
    "27": {
      "precision": 0.9615384615384616,
      "recall": 0.982532751091703,
      "f1": 0.9719222462203023,
      "accuracy": 0.9638888888888889,
      "support": 229
    },
    "28": {
      "precision": 0.9915014164305949,
      "recall": 0.9943181818181818,
      "f1": 0.9929078014184397,
      "accuracy": 0.9861111111111112,
      "support": 352
    },
    "31": {
      "precision": 1.0,
      "recall": 0.9946808510638298,
      "f1": 0.9973333333333333,
      "accuracy": 0.9972222222222222,
      "support": 188
    },
    "32": {
      "precision": 1.0,
      "recall": 1.0,
      "f1": 1.0,
      "accuracy": 1.0,
      "support": 187
    },
    "33": {
      "precision": 1.0,
      "recall": 0.9739583333333334,
      "f1": 0.9868073878627969,
      "accuracy": 0.9861111111111112,
      "support": 192
    },
    "34": {
      "precision": 1.0,
      "recall": 0.9790575916230366,
      "f1": 0.9894179894179894,
      "accuracy": 0.9888888888888889,
      "support": 191
    },
    "35": {
      "precision": 1.0,
      "recall": 0.9947089947089947,
      "f1": 0.9973474801061007,
      "accuracy": 0.9972222222222222,
      "support": 189
    },
    "36": {
      "precision": 1.0,
      "recall": 0.9894179894179894,
      "f1": 0.9946808510638298,
      "accuracy": 0.9944444444444445,
      "support": 189
    },
    "37": {
      "precision": 0.9819004524886877,
      "recall": 0.9517543859649122,
      "f1": 0.9665924276169265,
      "accuracy": 0.9583333333333334,
      "support": 228
    },
    "38": {
      "precision": 0.9971590909090909,
      "recall": 0.9915254237288136,
      "f1": 0.9943342776203966,
      "accuracy": 0.9888888888888889,
      "support": 354
    },
    "41": {
      "precision": 1.0,
      "recall": 1.0,
      "f1": 1.0,
      "accuracy": 1.0,
      "support": 187
    },
    "42": {
      "precision": 1.0,
      "recall": 0.9946808510638298,
      "f1": 0.9973333333333333,
      "accuracy": 0.9972222222222222,
      "support": 188
    },
    "43": {
      "precision": 1.0,
      "recall": 0.9689119170984456,
      "f1": 0.9842105263157894,
      "accuracy": 0.9833333333333333,
      "support": 193
    },
    "44": {
      "precision": 1.0,
      "recall": 0.9894179894179894,
      "f1": 0.9946808510638298,
      "accuracy": 0.9944444444444445,
      "support": 189
    },
    "45": {
      "precision": 1.0,
      "recall": 0.9842931937172775,
      "f1": 0.9920844327176781,
      "accuracy": 0.9916666666666667,
      "support": 191
    },
    "46": {
      "precision": 1.0,
      "recall": 0.9894736842105263,
      "f1": 0.9947089947089947,
      "accuracy": 0.9944444444444445,
      "support": 190
    },
    "47": {
      "precision": 0.9690265486725663,
      "recall": 0.9733333333333334,
      "f1": 0.9711751662971175,
      "accuracy": 0.9638888888888889,
      "support": 225
    },
    "48": {
      "precision": 0.9971830985915493,
      "recall": 1.0,
      "f1": 0.998589562764457,
      "accuracy": 0.9972222222222222,
      "support": 354
    }
  }
}