{
  "micro_metrics": {
    "micro_precision": 0.9748646752205292,
    "micro_recall": 0.9748646752205292,
    "micro_f1": 0.9748646752205292,
    "micro_accuracy": 0.9748646752205292
  },
  "macro_metrics": {
    "macro_precision": 0.9834543032768441,
    "macro_recall": 0.9767147396737756,
    "macro_f1": 0.9800049232120618,
    "macro_accuracy": 0.9748646752205292
  },
  "per_tooth_metrics": {
    "11": {
      "precision": 0.9918256130790191,
      "recall": 0.9958960328317373,
      "f1": 0.9938566552901024,
      "accuracy": 0.9927826784282278,
      "support": 731
    },
    "12": {
      "precision": 0.9933244325767691,
      "recall": 0.9854304635761589,
      "f1": 0.9893617021276596,
      "accuracy": 0.9871692060946271,
      "support": 755
    },
    "13": {
      "precision": 0.9854497354497355,
      "recall": 0.9776902887139107,
      "f1": 0.9815546772068511,
      "accuracy": 0.9775461106655974,
      "support": 762
    },
    "14": {
      "precision": 0.9918032786885246,
      "recall": 0.9641434262948207,
      "f1": 0.9777777777777777,
      "accuracy": 0.9735364875701684,
      "support": 753
    },
    "15": {
      "precision": 0.986468200270636,
      "recall": 0.96684350132626,
      "f1": 0.9765572672471534,
      "accuracy": 0.9719326383319968,
      "support": 754
    },
    "16": {
      "precision": 0.9863760217983651,
      "recall": 0.979702300405954,
      "f1": 0.9830278343516633,
      "accuracy": 0.9799518845228549,
      "support": 739
    },
    "17": {
      "precision": 0.9662243667068757,
      "recall": 0.9650602409638555,
      "f1": 0.9656419529837251,
      "accuracy": 0.9542902967121091,
      "support": 830
    },
    "18": {
      "precision": 0.9819376026272578,
      "recall": 0.9991645781119465,
      "f1": 0.9904761904761905,
      "accuracy": 0.9815557337610264,
      "support": 1197
    },
    "21": {
      "precision": 1.0,
      "recall": 0.9933155080213903,
      "f1": 0.9966465459423206,
      "accuracy": 0.9959903769045709,
      "support": 748
    },
    "22": {
      "precision": 0.997275204359673,
      "recall": 0.9799196787148594,
      "f1": 0.9885212694125591,
      "accuracy": 0.9863672814755413,
      "support": 747
    },
    "23": {
      "precision": 0.9961089494163424,
      "recall": 0.978343949044586,
      "f1": 0.987146529562982,
      "accuracy": 0.9839615076182838,
      "support": 785
    },
    "24": {
      "precision": 0.9945205479452055,
      "recall": 0.974496644295302,
      "f1": 0.984406779661017,
      "accuracy": 0.9815557337610264,
      "support": 745
    },
    "25": {
      "precision": 0.9945205479452055,
      "recall": 0.9731903485254692,
      "f1": 0.983739837398374,
      "accuracy": 0.9807538091419407,
      "support": 746
    },
    "26": {
      "precision": 0.9917695473251029,
      "recall": 0.9796747967479674,
      "f1": 0.9856850715746421,
      "accuracy": 0.983159582999198,
      "support": 738
    },
    "27": {
      "precision": 0.9710843373493976,
      "recall": 0.9841269841269841,
      "f1": 0.9775621588841722,
      "accuracy": 0.9703287890938251,
      "support": 819
    },
    "28": {
      "precision": 0.9795081967213115,
      "recall": 0.9974958263772955,
      "f1": 0.9884201819685691,
      "accuracy": 0.9775461106655974,
      "support": 1198
    },
    "31": {
      "precision": 0.9487870619946092,
      "recall": 0.9552238805970149,
      "f1": 0.9519945909398242,
      "accuracy": 0.9430633520449078,
      "support": 737
    },
    "32": {
      "precision": 0.9824324324324324,
      "recall": 0.9837618403247632,
      "f1": 0.9830966869506423,
      "accuracy": 0.9799518845228549,
      "support": 739
    },
    "33": {
      "precision": 0.9814077025232404,
      "recall": 0.974934036939314,
      "f1": 0.9781601588352085,
      "accuracy": 0.9735364875701684,
      "support": 758
    },
    "34": {
      "precision": 0.989100817438692,
      "recall": 0.974496644295302,
      "f1": 0.9817444219066938,
      "accuracy": 0.9783480352846833,
      "support": 745
    },
    "35": {
      "precision": 0.9793956043956044,
      "recall": 0.9753761969904241,
      "f1": 0.9773817683344757,
      "accuracy": 0.9735364875701684,
      "support": 731
    },
    "36": {
      "precision": 0.9850543478260869,
      "recall": 0.964095744680851,
      "f1": 0.9744623655913979,
      "accuracy": 0.9695268644747393,
      "support": 752
    },
    "37": {
      "precision": 0.9640287769784173,
      "recall": 0.9816849816849816,
      "f1": 0.9727767695099818,
      "accuracy": 0.9639133921411387,
      "support": 819
    },
    "38": {
      "precision": 0.9958643507030603,
      "recall": 0.9975144987572494,
      "f1": 0.9966887417218543,
      "accuracy": 0.9935846030473136,
      "support": 1207
    },
    "41": {
      "precision": 0.9705056179775281,
      "recall": 0.9201065246338216,
      "f1": 0.9446343130553657,
      "accuracy": 0.9350441058540497,
      "support": 751
    },
    "42": {
      "precision": 0.9804195804195804,
      "recall": 0.9629120879120879,
      "f1": 0.9715869715869716,
      "accuracy": 0.967121090617482,
      "support": 728
    },
    "43": {
      "precision": 0.988110964332893,
      "recall": 0.9842105263157894,
      "f1": 0.986156888595913,
      "accuracy": 0.983159582999198,
      "support": 760
    },
    "44": {
      "precision": 0.9850948509485095,
      "recall": 0.9891156462585035,
      "f1": 0.9871011541072641,
      "accuracy": 0.9847634322373697,
      "support": 735
    },
    "45": {
      "precision": 0.9919137466307277,
      "recall": 0.9558441558441558,
      "f1": 0.9735449735449735,
      "accuracy": 0.9679230152365678,
      "support": 770
    },
    "46": {
      "precision": 0.9774834437086093,
      "recall": 0.9879518072289156,
      "f1": 0.9826897470039947,
      "accuracy": 0.9791499599037691,
      "support": 747
    },
    "47": {
      "precision": 0.9681933842239185,
      "recall": 0.9548306148055207,
      "f1": 0.9614655716993051,
      "accuracy": 0.9510825982357658,
      "support": 797
    },
    "48": {
      "precision": 0.9745484400656814,
      "recall": 0.9983179142136249,
      "f1": 0.9862899875363523,
      "accuracy": 0.9735364875701684,
      "support": 1189
    }
  },
  "training_config": {
    "learning_rate": 0.0005,
    "weight_decay": 0.05,
    "label_smoothing": 0.1,
    "dropout_rate": 0.5,
    "batch_size": 32,
    "early_stopping_patience": 10,
    "min_delta": 0.001
  }
}