{
  "method": "platt",
  "split_ratio": 0.2,
  "seed": 41,
  "params": [
    0.5539099384730545,
    -0.35361899892220117
  ]
}