{
  "strategy": "max_f1",
  "min_precision": 0.2,
  "calibration_ratio": 0.2,
  "thresholds_fdi": {
    "upper": {
      "18": 0.7148218750953674,
      "17": 0.11787508428096771,
      "16": 0.15213775634765625,
      "15": 0.08089496195316315,
      "14": 0.05603521689772606,
      "13": 0.5,
      "12": 0.0668577179312706,
      "11": 0.07991526275873184,
      "21": 0.5,
      "22": 0.5,
      "23": 0.5,
      "24": 0.5,
      "25": 0.09286020696163177,
      "26": 0.08897334337234497,
      "27": 0.3628835082054138,
      "28": 0.7088562846183777
    },
    "lower": {
      "48": 0.6527655124664307,
      "47": 0.13919219374656677,
      "46": 0.08458299934864044,
      "45": 0.07729239761829376,
      "44": 0.5,
      "43": 0.5,
      "42": 0.5,
      "41": 0.5,
      "31": 0.5,
      "32": 0.5,
      "33": 0.5,
      "34": 0.5,
      "35": 0.08630561083555222,
      "36": 0.26476597785949707,
      "37": 0.2974907159805298,
      "38": 0.6029412150382996
    }
  }
}