{
  "method": "platt",
  "split_ratio": 0.2,
  "seed": 41,
  "params": [
    0.5519245557014044,
    -2.2700364524436023
  ]
}