{
  "strategy": "max_f1",
  "min_precision": 0.2,
  "calibration_ratio": 0.2,
  "thresholds_fdi": {
    "upper": {
      "18": 0.019510135054588318,
      "17": 0.01934785209596157,
      "16": 0.004064748529344797,
      "15": 0.04518172889947891,
      "14": 0.00023026288545224816,
      "13": 0.5,
      "12": 0.00013320377911441028,
      "11": 0.0002063638239633292,
      "21": 0.5,
      "22": 0.5,
      "23": 0.5,
      "24": 0.5,
      "25": 0.01578010991215706,
      "26": 0.002429029904305935,
      "27": 0.9937679767608643,
      "28": 0.09112689644098282
    },
    "lower": {
      "48": 0.995871365070343,
      "47": 0.8199692964553833,
      "46": 0.00011259319580858573,
      "45": 0.11503618210554123,
      "44": 0.5,
      "43": 0.5,
      "42": 0.5,
      "41": 0.5,
      "31": 0.5,
      "32": 0.5,
      "33": 0.5,
      "34": 0.5,
      "35": 0.0037415968254208565,
      "36": 0.9286697506904602,
      "37": 0.989775538444519,
      "38": 0.9891019463539124
    }
  }
}