{
  "overall_metrics": {
    "missing_precision": 0.6574420344053852,
    "missing_recall": 0.9301587301587302,
    "missing_f1": 0.7703768624014022,
    "missing_accuracy": 0.9090277777777778,
    "missing_balanced_accuracy": 0.9175196558374128,
    "missing_pr_auc_micro": 0.9562401704488512,
    "missing_pr_auc_macro": 0.47046507153527195,
    "jaw_precision": 0.9835164835164835,
    "jaw_recall": 0.9944444444444445,
    "jaw_f1": 0.988950276243094,
    "jaw_accuracy": 0.9888888888888889
  },
  "macro_metrics": {
    "macro_precision": 0.39319671813044343,
    "macro_recall": 0.5433838153785027,
    "macro_f1": 0.4145042971528194,
    "macro_accuracy": 0.9090277777777778,
    "macro_support_min": 0,
    "macro_positions_per_jaw": 16,
    "macro_jaws_included": 2
  },
  "per_jaw_macro": {
    "upper": {
      "macro_precision": 0.4664933954612132,
      "macro_recall": 0.730556007906121,
      "macro_f1": 0.518688208904117,
      "macro_accuracy": 0.921875,
      "macro_positions": 16
    },
    "lower": {
      "macro_precision": 0.3199000407996736,
      "macro_recall": 0.3562116228508845,
      "macro_f1": 0.31032038540152174,
      "macro_accuracy": 0.8961805555555555,
      "macro_positions": 16
    }
  },
  "per_position_metrics": {
    "Upper_18": {
      "position": 0,
      "fdi": 18,
      "jaw": "upper",
      "precision": 0.9823529411764705,
      "recall": 0.9881656804733728,
      "f1": 0.9852507374631269,
      "accuracy": 0.9722222222222222,
      "support": 169
    },
    "Lower_48": {
      "position": 0,
      "fdi": 48,
      "jaw": "lower",
      "precision": 0.9649122807017544,
      "recall": 0.9763313609467456,
      "f1": 0.9705882352941176,
      "accuracy": 0.9444444444444444,
      "support": 169
    },
    "Upper_17": {
      "position": 1,
      "fdi": 17,
      "jaw": "upper",
      "precision": 0.9230769230769231,
      "recall": 0.9411764705882353,
      "f1": 0.9320388349514563,
      "accuracy": 0.9611111111111111,
      "support": 51
    },
    "Lower_47": {
      "position": 1,
      "fdi": 47,
      "jaw": "lower",
      "precision": 0.8541666666666666,
      "recall": 0.8913043478260869,
      "f1": 0.8723404255319149,
      "accuracy": 0.9333333333333333,
      "support": 46
    },
    "Upper_16": {
      "position": 2,
      "fdi": 16,
      "jaw": "upper",
      "precision": 0.3333333333333333,
      "recall": 0.5,
      "f1": 0.4,
      "accuracy": 0.9833333333333333,
      "support": 2
    },
    "Lower_46": {
      "position": 2,
      "fdi": 46,
      "jaw": "lower",
      "precision": 0.125,
      "recall": 0.5,
      "f1": 0.2,
      "accuracy": 0.9555555555555556,
      "support": 2
    },
    "Upper_15": {
      "position": 3,
      "fdi": 15,
      "jaw": "upper",
      "precision": 0.6,
      "recall": 0.6,
      "f1": 0.6,
      "accuracy": 0.9777777777777777,
      "support": 5
    },
    "Lower_45": {
      "position": 3,
      "fdi": 45,
      "jaw": "lower",
      "precision": 0.25,
      "recall": 0.5,
      "f1": 0.3333333333333333,
      "accuracy": 0.9333333333333333,
      "support": 6
    },
    "Upper_14": {
      "position": 4,
      "fdi": 14,
      "jaw": "upper",
      "precision": 0.14285714285714285,
      "recall": 0.5,
      "f1": 0.2222222222222222,
      "accuracy": 0.9611111111111111,
      "support": 2
    },
    "Lower_44": {
      "position": 4,
      "fdi": 44,
      "jaw": "lower",
      "precision": 0.0,
      "recall": 0.0,
      "f1": 0.0,
      "accuracy": 0.9777777777777777,
      "support": 3
    },
    "Upper_13": {
      "position": 5,
      "fdi": 13,
      "jaw": "upper",
      "precision": 0.5625,
      "recall": 0.6428571428571429,
      "f1": 0.6,
      "accuracy": 0.9333333333333333,
      "support": 14
    },
    "Lower_43": {
      "position": 5,
      "fdi": 43,
      "jaw": "lower",
      "precision": 0.0,
      "recall": 0.0,
      "f1": 0.0,
      "accuracy": 0.9833333333333333,
      "support": 1
    },
    "Upper_12": {
      "position": 6,
      "fdi": 12,
      "jaw": "upper",
      "precision": 0.25,
      "recall": 0.5,
      "f1": 0.3333333333333333,
      "accuracy": 0.9333333333333333,
      "support": 6
    },
    "Lower_42": {
      "position": 6,
      "fdi": 42,
      "jaw": "lower",
      "precision": 0.0,
      "recall": 0.0,
      "f1": 0.0,
      "accuracy": 0.9777777777777777,
      "support": 1
    },
    "Upper_11": {
      "position": 7,
      "fdi": 11,
      "jaw": "upper",
      "precision": 0.3333333333333333,
      "recall": 1.0,
      "f1": 0.5,
      "accuracy": 0.9888888888888889,
      "support": 1
    },
    "Lower_41": {
      "position": 7,
      "fdi": 41,
      "jaw": "lower",
      "precision": 0.0,
      "recall": 0.0,
      "f1": 0.0,
      "accuracy": 1.0,
      "support": 0
    },
    "Upper_21": {
      "position": 8,
      "fdi": 21,
      "jaw": "upper",
      "precision": 0.3333333333333333,
      "recall": 1.0,
      "f1": 0.5,
      "accuracy": 0.9888888888888889,
      "support": 1
    },
    "Lower_31": {
      "position": 8,
      "fdi": 31,
      "jaw": "lower",
      "precision": 0.0,
      "recall": 0.0,
      "f1": 0.0,
      "accuracy": 0.9833333333333333,
      "support": 1
    },
    "Upper_22": {
      "position": 9,
      "fdi": 22,
      "jaw": "upper",
      "precision": 0.008771929824561403,
      "recall": 1.0,
      "f1": 0.017391304347826087,
      "accuracy": 0.37222222222222223,
      "support": 1
    },
    "Lower_32": {
      "position": 9,
      "fdi": 32,
      "jaw": "lower",
      "precision": 0.0,
      "recall": 0.0,
      "f1": 0.0,
      "accuracy": 0.0,
      "support": 0
    },
    "Upper_23": {
      "position": 10,
      "fdi": 23,
      "jaw": "upper",
      "precision": 0.7,
      "recall": 0.5384615384615384,
      "f1": 0.6086956521739131,
      "accuracy": 0.95,
      "support": 13
    },
    "Lower_33": {
      "position": 10,
      "fdi": 33,
      "jaw": "lower",
      "precision": 0.0,
      "recall": 0.0,
      "f1": 0.0,
      "accuracy": 0.9944444444444445,
      "support": 1
    },
    "Upper_24": {
      "position": 11,
      "fdi": 24,
      "jaw": "upper",
      "precision": 0.3333333333333333,
      "recall": 0.75,
      "f1": 0.46153846153846156,
      "accuracy": 0.9611111111111111,
      "support": 4
    },
    "Lower_34": {
      "position": 11,
      "fdi": 34,
      "jaw": "lower",
      "precision": 0.13333333333333333,
      "recall": 0.4,
      "f1": 0.2,
      "accuracy": 0.9111111111111111,
      "support": 5
    },
    "Upper_25": {
      "position": 12,
      "fdi": 25,
      "jaw": "upper",
      "precision": 0.17391304347826086,
      "recall": 0.8,
      "f1": 0.2857142857142857,
      "accuracy": 0.8888888888888888,
      "support": 5
    },
    "Lower_35": {
      "position": 12,
      "fdi": 35,
      "jaw": "lower",
      "precision": 0.06666666666666667,
      "recall": 0.25,
      "f1": 0.10526315789473684,
      "accuracy": 0.9055555555555556,
      "support": 4
    },
    "Upper_26": {
      "position": 13,
      "fdi": 26,
      "jaw": "upper",
      "precision": 0.0,
      "recall": 0.0,
      "f1": 0.0,
      "accuracy": 0.9888888888888889,
      "support": 0
    },
    "Lower_36": {
      "position": 13,
      "fdi": 36,
      "jaw": "lower",
      "precision": 1.0,
      "recall": 0.3333333333333333,
      "f1": 0.5,
      "accuracy": 0.9888888888888889,
      "support": 3
    },
    "Upper_27": {
      "position": 14,
      "fdi": 27,
      "jaw": "upper",
      "precision": 0.8103448275862069,
      "recall": 0.94,
      "f1": 0.8703703703703703,
      "accuracy": 0.9222222222222223,
      "support": 50
    },
    "Lower_37": {
      "position": 14,
      "fdi": 37,
      "jaw": "lower",
      "precision": 0.7708333333333334,
      "recall": 0.8604651162790697,
      "f1": 0.8131868131868132,
      "accuracy": 0.9055555555555556,
      "support": 43
    },
    "Upper_28": {
      "position": 15,
      "fdi": 28,