{
  "macro_metrics": {
    "macro_precision": 0.8766159459613257,
    "macro_recall": 0.8701441715306417,
    "macro_f1": 0.8638849722335675,
    "macro_accuracy": 0.9805555555555556
  },
  "per_tooth_metrics": {
    "11": {
      "precision": 0.9946524064171123,
      "recall": 1.0,
      "f1": 0.9973190348525469,
      "accuracy": 0.9972222222222222,
      "support": 186
    },
    "12": {
      "precision": 0.9623655913978495,
      "recall": 0.9944444444444445,
      "f1": 0.9781420765027322,
      "accuracy": 0.9777777777777777,
      "support": 180
    },
    "13": {
      "precision": 0.9193548387096774,
      "recall": 0.9941860465116279,
      "f1": 0.9553072625698324,
      "accuracy": 0.9555555555555556,
      "support": 172
    },
    "14": {
      "precision": 0.9625668449197861,
      "recall": 1.0,
      "f1": 0.9809264305177112,
      "accuracy": 0.9805555555555555,
      "support": 180
    },
    "15": {
      "precision": 0.9838709677419355,
      "recall": 0.9945652173913043,
      "f1": 0.9891891891891892,
      "accuracy": 0.9888888888888889,
      "support": 184
    },
    "16": {
      "precision": 0.9838709677419355,
      "recall": 1.0,
      "f1": 0.991869918699187,
      "accuracy": 0.9916666666666667,
      "support": 183
    },
    "17": {
      "precision": 0.8615384615384616,
      "recall": 0.8818897637795275,
      "f1": 0.8715953307392996,
      "accuracy": 0.9083333333333333,
      "support": 127
    },
    "18": {
      "precision": 0.0,
      "recall": 0.0,
      "f1": 0.0,
      "accuracy": 0.9722222222222222,
      "support": 10
    },
    "21": {
      "precision": 0.9946524064171123,
      "recall": 1.0,
      "f1": 0.9973190348525469,
      "accuracy": 0.9972222222222222,
      "support": 186
    },
    "22": {
      "precision": 0.9946524064171123,
      "recall": 1.0,
      "f1": 0.9973190348525469,
      "accuracy": 0.9972222222222222,
      "support": 186
    },
    "23": {
      "precision": 0.9301075268817204,
      "recall": 0.9942528735632183,
      "f1": 0.9611111111111111,
      "accuracy": 0.9611111111111111,
      "support": 174
    },
    "24": {
      "precision": 0.9732620320855615,
      "recall": 1.0,
      "f1": 0.986449864498645,
      "accuracy": 0.9861111111111112,
      "support": 182
    },
    "25": {
      "precision": 0.9786096256684492,
      "recall": 1.0,
      "f1": 0.9891891891891892,
      "accuracy": 0.9888888888888889,
      "support": 183
    },
    "26": {
      "precision": 0.9893048128342246,
      "recall": 1.0,
      "f1": 0.9946236559139785,
      "accuracy": 0.9944444444444445,
      "support": 185
    },
    "27": {
      "precision": 0.8676470588235294,
      "recall": 0.9007633587786259,
      "f1": 0.8838951310861424,
      "accuracy": 0.9138888888888889,
      "support": 131
    },
    "28": {
      "precision": 0.0,
      "recall": 0.0,
      "f1": 0.0,
      "accuracy": 0.9777777777777777,
      "support": 8
    },
    "31": {
      "precision": 0.9942196531791907,
      "recall": 1.0,
      "f1": 0.9971014492753624,
      "accuracy": 0.9972222222222222,
      "support": 172
    },
    "32": {
      "precision": 1.0,
      "recall": 1.0,
      "f1": 1.0,
      "accuracy": 1.0,
      "support": 173
    },
    "33": {
      "precision": 0.9710982658959537,
      "recall": 1.0,
      "f1": 0.9853372434017595,
      "accuracy": 0.9861111111111112,
      "support": 168
    },
    "34": {
      "precision": 0.976878612716763,
      "recall": 1.0,
      "f1": 0.9883040935672515,
      "accuracy": 0.9888888888888889,
      "support": 169
    },
    "35": {
      "precision": 0.9884393063583815,
      "recall": 1.0,
      "f1": 0.9941860465116279,
      "accuracy": 0.9944444444444445,
      "support": 171
    },
    "36": {
      "precision": 0.9884393063583815,
      "recall": 1.0,
      "f1": 0.9941860465116279,
      "accuracy": 0.9944444444444445,
      "support": 171
    },
    "37": {
      "precision": 0.9078014184397163,
      "recall": 0.9696969696969697,
      "f1": 0.9377289377289377,
      "accuracy": 0.9527777777777777,
      "support": 132
    },
    "38": {
      "precision": 0.0,
      "recall": 0.0,
      "f1": 0.0,
      "accuracy": 0.9833333333333333,
      "support": 6
    },
    "41": {
      "precision": 1.0,
      "recall": 1.0,
      "f1": 1.0,
      "accuracy": 1.0,
      "support": 173
    },
    "42": {
      "precision": 0.9942196531791907,
      "recall": 1.0,
      "f1": 0.9971014492753624,
      "accuracy": 0.9972222222222222,
      "support": 172
    },
    "43": {
      "precision": 0.9653179190751445,
      "recall": 1.0,
      "f1": 0.9823529411764705,
      "accuracy": 0.9833333333333333,
      "support": 167
    },
    "44": {
      "precision": 0.9884393063583815,
      "recall": 1.0,
      "f1": 0.9941860465116279,
      "accuracy": 0.9944444444444445,
      "support": 171
    },
    "45": {
      "precision": 0.976878612716763,
      "recall": 1.0,
      "f1": 0.9883040935672515,
      "accuracy": 0.9888888888888889,
      "support": 169
    },
    "46": {
      "precision": 0.9826589595375722,
      "recall": 1.0,
      "f1": 0.9912536443148688,
      "accuracy": 0.9916666666666667,
      "support": 170
    },
    "47": {
      "precision": 0.920863309352518,
      "recall": 0.9481481481481482,
      "f1": 0.9343065693430657,
      "accuracy": 0.95,
      "support": 135
    },
    "48": {
      "precision": 1.0,
      "recall": 0.16666666666666666,
      "f1": 0.2857142857142857,
      "accuracy": 0.9861111111111112,
      "support": 6
    }
  }
}