{
  "macro_metrics": {
    "macro_precision": 0.990019760211198,
    "macro_recall": 0.9594174805480907,
    "macro_f1": 0.9743386999787922,
    "macro_accuracy": 0.9685525276461295
  },
  "per_tooth_metrics": {
    "11": {
      "precision": 1.0,
      "recall": 0.9863013698630136,
      "f1": 0.993103448275862,
      "accuracy": 0.9921011058451816,
      "support": 365
    },
    "12": {
      "precision": 0.9943977591036415,
      "recall": 0.9646739130434783,
      "f1": 0.9793103448275862,
      "accuracy": 0.976303317535545,
      "support": 368
    },
    "13": {
      "precision": 0.9943661971830986,
      "recall": 0.9363395225464191,
      "f1": 0.9644808743169399,
      "accuracy": 0.9589257503949447,
      "support": 377
    },
    "14": {
      "precision": 0.9916201117318436,
      "recall": 0.9646739130434783,
      "f1": 0.977961432506887,
      "accuracy": 0.9747235387045814,
      "support": 368
    },
    "15": {
      "precision": 1.0,
      "recall": 0.9358288770053476,
      "f1": 0.9668508287292817,
      "accuracy": 0.9620853080568721,
      "support": 374
    },
    "16": {
      "precision": 0.994413407821229,
      "recall": 0.9726775956284153,
      "f1": 0.9834254143646409,
      "accuracy": 0.981042654028436,
      "support": 366
    },
    "17": {
      "precision": 0.9665178571428571,
      "recall": 0.9474835886214442,
      "f1": 0.9569060773480663,
      "accuracy": 0.9383886255924171,
      "support": 457
    },
    "18": {
      "precision": 0.987220447284345,
      "recall": 0.9983844911147012,
      "f1": 0.9927710843373494,
      "accuracy": 0.985781990521327,
      "support": 619
    },
    "21": {
      "precision": 0.9971509971509972,
      "recall": 0.9943181818181818,
      "f1": 0.9957325746799431,
      "accuracy": 0.995260663507109,
      "support": 352
    },
    "22": {
      "precision": 1.0,
      "recall": 0.9534246575342465,
      "f1": 0.9761570827489481,
      "accuracy": 0.9731437598736177,
      "support": 365
    },
    "23": {
      "precision": 0.989010989010989,
      "recall": 0.96,
      "f1": 0.9742895805142084,
      "accuracy": 0.9699842022116903,
      "support": 375
    },
    "24": {
      "precision": 0.9971751412429378,
      "recall": 0.9438502673796791,
      "f1": 0.9697802197802198,
      "accuracy": 0.9652448657187994,
      "support": 374
    },
    "25": {
      "precision": 0.9861111111111112,
      "recall": 0.9391534391534392,
      "f1": 0.962059620596206,
      "accuracy": 0.9557661927330173,
      "support": 378
    },
    "26": {
      "precision": 0.9943502824858758,
      "recall": 0.9750692520775623,
      "f1": 0.9846153846153847,
      "accuracy": 0.9826224328593997,
      "support": 361
    },
    "27": {
      "precision": 0.9713656387665198,
      "recall": 0.9586956521739131,
      "f1": 0.9649890590809628,
      "accuracy": 0.9494470774091627,
      "support": 460
    },
    "28": {
      "precision": 0.9935897435897436,
      "recall": 0.9967845659163987,
      "f1": 0.9951845906902087,
      "accuracy": 0.990521327014218,
      "support": 622
    },
    "31": {
      "precision": 0.9941002949852508,
      "recall": 0.9361111111111111,
      "f1": 0.9642346208869814,
      "accuracy": 0.9605055292259084,
      "support": 360
    },
    "32": {
      "precision": 0.9942196531791907,
      "recall": 0.9635854341736695,
      "f1": 0.9786628733997155,
      "accuracy": 0.976303317535545,
      "support": 357
    },
    "33": {
      "precision": 0.9944289693593314,
      "recall": 0.9596774193548387,
      "f1": 0.9767441860465116,
      "accuracy": 0.9731437598736177,
      "support": 372
    },
    "34": {
      "precision": 0.9836065573770492,
      "recall": 0.9651474530831099,
      "f1": 0.9742895805142084,
      "accuracy": 0.9699842022116903,
      "support": 373
    },
    "35": {
      "precision": 0.9971264367816092,
      "recall": 0.9253333333333333,
      "f1": 0.9598893499308437,
      "accuracy": 0.9541864139020537,
      "support": 375
    },
    "36": {
      "precision": 0.9888268156424581,
      "recall": 0.9779005524861878,
      "f1": 0.9833333333333333,
      "accuracy": 0.981042654028436,
      "support": 362
    },
    "37": {
      "precision": 0.9651972157772621,
      "recall": 0.9348314606741573,
      "f1": 0.9497716894977168,
      "accuracy": 0.9304897314375987,
      "support": 445
    },
    "38": {
      "precision": 0.9840510366826156,
      "recall": 0.9951612903225806,
      "f1": 0.9895749799518845,
      "accuracy": 0.9794628751974723,
      "support": 620
    },
    "41": {
      "precision": 0.9942196531791907,
      "recall": 0.9529085872576177,
      "f1": 0.9731258840169731,
      "accuracy": 0.9699842022116903,
      "support": 361
    },
    "42": {
      "precision": 0.9940298507462687,
      "recall": 0.9148351648351648,
      "f1": 0.9527896995708155,
      "accuracy": 0.9478672985781991,
      "support": 364
    },
    "43": {
      "precision": 0.9970845481049563,
      "recall": 0.9447513812154696,
      "f1": 0.9702127659574468,
      "accuracy": 0.966824644549763,
      "support": 362
    },
    "44": {
      "precision": 0.9884726224783862,
      "recall": 0.9475138121546961,
      "f1": 0.9675599435825106,
      "accuracy": 0.9636650868878357,
      "support": 362
    },
    "45": {
      "precision": 0.9863387978142076,
      "recall": 0.95,
      "f1": 0.967828418230563,
      "accuracy": 0.9620853080568721,
      "support": 380
    },
    "46": {
      "precision": 0.991869918699187,
      "recall": 0.976,
      "f1": 0.9838709677419355,
      "accuracy": 0.981042654028436,
      "support": 375
    },
    "47": {
      "precision": 0.9809523809523809,
      "recall": 0.9363636363636364,
      "f1": 0.958139534883721,
      "accuracy": 0.943127962085308,
      "support": 440
    },
    "48": {
      "precision": 0.9888178913738019,
      "recall": 0.9935794542536116,
      "f1": 0.9911929543634908,
      "accuracy": 0.9826224328593997,
      "support": 623
    }
  }
}