{
  "macro_metrics": {
    "macro_precision": 0.9912760079790601,
    "macro_recall": 0.9762882483711331,
    "macro_f1": 0.9836200661046735,
    "macro_accuracy": 0.9808159722222223
  },
  "per_tooth_metrics": {
    "11": {
      "precision": 1.0,
      "recall": 0.9942528735632183,
      "f1": 0.9971181556195965,
      "accuracy": 0.9972222222222222,
      "support": 174
    },
    "12": {
      "precision": 0.9942528735632183,
      "recall": 0.9611111111111111,
      "f1": 0.9774011299435028,
      "accuracy": 0.9777777777777777,
      "support": 180
    },
    "13": {
      "precision": 0.9885714285714285,
      "recall": 0.9202127659574468,
      "f1": 0.953168044077135,
      "accuracy": 0.9527777777777777,
      "support": 188
    },
    "14": {
      "precision": 0.9942528735632183,
      "recall": 0.9611111111111111,
      "f1": 0.9774011299435028,
      "accuracy": 0.9777777777777777,
      "support": 180
    },
    "15": {
      "precision": 0.9885714285714285,
      "recall": 0.9829545454545454,
      "f1": 0.9857549857549858,
      "accuracy": 0.9861111111111112,
      "support": 176
    },
    "16": {
      "precision": 1.0,
      "recall": 0.9830508474576272,
      "f1": 0.9914529914529915,
      "accuracy": 0.9916666666666667,
      "support": 177
    },
    "17": {
      "precision": 0.9478260869565217,
      "recall": 0.9356223175965666,
      "f1": 0.9416846652267818,
      "accuracy": 0.925,
      "support": 233
    },
    "18": {
      "precision": 0.9722222222222222,
      "recall": 1.0,
      "f1": 0.9859154929577465,
      "accuracy": 0.9722222222222222,
      "support": 350
    },
    "21": {
      "precision": 1.0,
      "recall": 0.9942528735632183,
      "f1": 0.9971181556195965,
      "accuracy": 0.9972222222222222,
      "support": 174
    },
    "22": {
      "precision": 1.0,
      "recall": 0.9942528735632183,
      "f1": 0.9971181556195965,
      "accuracy": 0.9972222222222222,
      "support": 174
    },
    "23": {
      "precision": 0.9885714285714285,
      "recall": 0.9301075268817204,
      "f1": 0.9584487534626038,
      "accuracy": 0.9583333333333334,
      "support": 186
    },
    "24": {
      "precision": 0.9942528735632183,
      "recall": 0.9719101123595506,
      "f1": 0.9829545454545454,
      "accuracy": 0.9833333333333333,
      "support": 178
    },
    "25": {
      "precision": 0.9885714285714285,
      "recall": 0.9774011299435028,
      "f1": 0.9829545454545454,
      "accuracy": 0.9833333333333333,
      "support": 177
    },
    "26": {
      "precision": 0.9942528735632183,
      "recall": 0.9885714285714285,
      "f1": 0.9914040114613181,
      "accuracy": 0.9916666666666667,
      "support": 175
    },
    "27": {
      "precision": 0.9555555555555556,
      "recall": 0.9388646288209607,
      "f1": 0.947136563876652,
      "accuracy": 0.9333333333333333,
      "support": 229
    },
    "28": {
      "precision": 0.9777777777777777,
      "recall": 1.0,
      "f1": 0.9887640449438202,
      "accuracy": 0.9777777777777777,
      "support": 352
    },
    "31": {
      "precision": 1.0,
      "recall": 0.9946808510638298,
      "f1": 0.9973333333333333,
      "accuracy": 0.9972222222222222,
      "support": 188
    },
    "32": {
      "precision": 1.0,
      "recall": 0.9946524064171123,
      "f1": 0.9973190348525469,
      "accuracy": 0.9972222222222222,
      "support": 187
    },
    "33": {
      "precision": 1.0,
      "recall": 0.9739583333333334,
      "f1": 0.9868073878627969,
      "accuracy": 0.9861111111111112,
      "support": 192
    },
    "34": {
      "precision": 1.0,
      "recall": 0.9790575916230366,
      "f1": 0.9894179894179894,
      "accuracy": 0.9888888888888889,
      "support": 191
    },
    "35": {
      "precision": 1.0,
      "recall": 0.9894179894179894,
      "f1": 0.9946808510638298,
      "accuracy": 0.9944444444444445,
      "support": 189
    },
    "36": {
      "precision": 1.0,
      "recall": 0.9894179894179894,
      "f1": 0.9946808510638298,
      "accuracy": 0.9944444444444445,
      "support": 189
    },
    "37": {
      "precision": 0.9767441860465116,
      "recall": 0.9210526315789473,
      "f1": 0.9480812641083521,
      "accuracy": 0.9361111111111111,
      "support": 228
    },
    "38": {
      "precision": 0.988795518207283,
      "recall": 0.9971751412429378,
      "f1": 0.9929676511954993,
      "accuracy": 0.9861111111111112,
      "support": 354
    },
    "41": {
      "precision": 1.0,
      "recall": 1.0,
      "f1": 1.0,
      "accuracy": 1.0,
      "support": 187
    },
    "42": {
      "precision": 1.0,
      "recall": 0.9893617021276596,
      "f1": 0.9946524064171123,
      "accuracy": 0.9944444444444445,
      "support": 188
    },
    "43": {
      "precision": 1.0,
      "recall": 0.9689119170984456,
      "f1": 0.9842105263157894,
      "accuracy": 0.9833333333333333,
      "support": 193
    },
    "44": {
      "precision": 1.0,
      "recall": 0.9894179894179894,
      "f1": 0.9946808510638298,
      "accuracy": 0.9944444444444445,
      "support": 189
    },
    "45": {
      "precision": 1.0,
      "recall": 0.9790575916230366,
      "f1": 0.9894179894179894,
      "accuracy": 0.9888888888888889,
      "support": 191
    },
    "46": {
      "precision": 1.0,
      "recall": 0.9842105263157894,
      "f1": 0.9920424403183024,
      "accuracy": 0.9916666666666667,
      "support": 190
    },
    "47": {
      "precision": 0.9818181818181818,
      "recall": 0.96,
      "f1": 0.9707865168539326,
      "accuracy": 0.9638888888888889,
      "support": 225
    },
    "48": {
      "precision": 0.988795518207283,
      "recall": 0.9971751412429378,
      "f1": 0.9929676511954993,
      "accuracy": 0.9861111111111112,
      "support": 354
    }
  }
}