{
  "overall_metrics": {
    "missing_precision": 0.4098440545808967,
    "missing_recall": 0.9091891891891892,
    "missing_f1": 0.5649983204568357,
    "missing_accuracy": 0.7751736111111112,
    "missing_balanced_accuracy": 0.8293619162078314,
    "missing_pr_auc_micro": 0.9295421977745695,
    "missing_pr_auc_macro": 0.43832937937680194,
    "jaw_precision": 0.9943820224719101,
    "jaw_recall": 0.9833333333333333,
    "jaw_f1": 0.9888268156424581,
    "jaw_accuracy": 0.9888888888888889
  },
  "macro_metrics": {
    "macro_precision": 0.5885532349407385,
    "macro_recall": 0.6270273019591903,
    "macro_f1": 0.5866590370965183,
    "macro_accuracy": 0.9369984567901234,
    "macro_support_min": 5,
    "macro_positions_per_jaw": 8,
    "macro_jaws_included": 2
  },
  "per_jaw_macro": {
    "upper": {
      "macro_precision": 0.6500842369409374,
      "macro_recall": 0.6045696185402577,
      "macro_f1": 0.6186431277236735,
      "macro_accuracy": 0.9493055555555555,
      "macro_positions": 8
    },
    "lower": {
      "macro_precision": 0.5270222329405395,
      "macro_recall": 0.6494849853781228,
      "macro_f1": 0.5546749464693632,
      "macro_accuracy": 0.9246913580246913,
      "macro_positions": 9
    }
  },
  "per_position_metrics": {
    "Upper_18": {
      "position": 0,
      "fdi": 18,
      "jaw": "upper",
      "precision": 0.9820359281437125,
      "recall": 0.9879518072289156,
      "f1": 0.984984984984985,
      "accuracy": 0.9722222222222222,
      "support": 166
    },
    "Lower_48": {
      "position": 0,
      "fdi": 48,
      "jaw": "lower",
      "precision": 0.9526627218934911,
      "recall": 0.9877300613496932,
      "f1": 0.9698795180722891,
      "accuracy": 0.9444444444444444,
      "support": 163
    },
    "Upper_17": {
      "position": 1,
      "fdi": 17,
      "jaw": "upper",
      "precision": 0.8392857142857143,
      "recall": 0.9591836734693877,
      "f1": 0.8952380952380953,
      "accuracy": 0.9388888888888889,
      "support": 49
    },
    "Lower_47": {
      "position": 1,
      "fdi": 47,
      "jaw": "lower",
      "precision": 0.775,
      "recall": 0.7948717948717948,
      "f1": 0.7848101265822784,
      "accuracy": 0.9055555555555556,
      "support": 39
    },
    "Upper_16": {
      "position": 2,
      "fdi": 16,
      "jaw": "upper",
      "precision": 0.0,
      "recall": 0.0,
      "f1": 0.0,
      "accuracy": 0.9888888888888889,
      "support": 2
    },
    "Lower_46": {
      "position": 2,
      "fdi": 46,
      "jaw": "lower",
      "precision": 0.5,
      "recall": 0.4,
      "f1": 0.4444444444444444,
      "accuracy": 0.9722222222222222,
      "support": 5
    },
    "Upper_15": {
      "position": 3,
      "fdi": 15,
      "jaw": "upper",
      "precision": 0.25,
      "recall": 0.3333333333333333,
      "f1": 0.2857142857142857,
      "accuracy": 0.9722222222222222,
      "support": 3
    },
    "Lower_45": {
      "position": 3,
      "fdi": 45,
      "jaw": "lower",
      "precision": 0.2,
      "recall": 0.3333333333333333,
      "f1": 0.25,
      "accuracy": 0.9,
      "support": 9
    },
    "Upper_14": {
      "position": 4,
      "fdi": 14,
      "jaw": "upper",
      "precision": 0.09090909090909091,
      "recall": 0.125,
      "f1": 0.10526315789473684,
      "accuracy": 0.9055555555555556,
      "support": 8
    },
    "Lower_44": {
      "position": 4,
      "fdi": 44,
      "jaw": "lower",
      "precision": 0.047619047619047616,
      "recall": 1.0,
      "f1": 0.09090909090909091,
      "accuracy": 0.8888888888888888,
      "support": 1
    },
    "Upper_13": {
      "position": 5,
      "fdi": 13,
      "jaw": "upper",
      "precision": 0.75,
      "recall": 0.42857142857142855,
      "f1": 0.5454545454545454,
      "accuracy": 0.9722222222222222,
      "support": 7
    },
    "Lower_43": {
      "position": 5,
      "fdi": 43,
      "jaw": "lower",
      "precision": 0.0,
      "recall": 0.0,
      "f1": 0.0,
      "accuracy": 0.9833333333333333,
      "support": 3
    },
    "Upper_12": {
      "position": 6,
      "fdi": 12,
      "jaw": "upper",
      "precision": 0.005747126436781609,
      "recall": 1.0,
      "f1": 0.011428571428571429,
      "accuracy": 0.03888888888888889,
      "support": 1
    },
    "Lower_42": {
      "position": 6,
      "fdi": 42,
      "jaw": "lower",
      "precision": 0.0,
      "recall": 0.0,
      "f1": 0.0,
      "accuracy": 0.016666666666666666,
      "support": 0
    },
    "Upper_11": {
      "position": 7,
      "fdi": 11,
      "jaw": "upper",
      "precision": 0.0,
      "recall": 0.0,
      "f1": 0.0,
      "accuracy": 0.05555555555555555,
      "support": 0
    },
    "Lower_41": {
      "position": 7,
      "fdi": 41,
      "jaw": "lower",
      "precision": 0.0056179775280898875,
      "recall": 1.0,
      "f1": 0.0111731843575419,
      "accuracy": 0.016666666666666666,
      "support": 1
    },
    "Upper_21": {
      "position": 8,
      "fdi": 21,
      "jaw": "upper",
      "precision": 0.0,
      "recall": 0.0,
      "f1": 0.0,
      "accuracy": 0.9888888888888889,
      "support": 0
    },
    "Lower_31": {
      "position": 8,
      "fdi": 31,
      "jaw": "lower",
      "precision": 0.5,
      "recall": 1.0,
      "f1": 0.6666666666666666,
      "accuracy": 0.9944444444444445,
      "support": 1
    },
    "Upper_22": {
      "position": 9,
      "fdi": 22,
      "jaw": "upper",
      "precision": 0.005813953488372093,
      "recall": 1.0,
      "f1": 0.011560693641618497,
      "accuracy": 0.05,
      "support": 1
    },
    "Lower_32": {
      "position": 9,
      "fdi": 32,
      "jaw": "lower",
      "precision": 0.0,
      "recall": 0.0,
      "f1": 0.0,
      "accuracy": 0.016666666666666666,
      "support": 0
    },
    "Upper_23": {
      "position": 10,
      "fdi": 23,
      "jaw": "upper",
      "precision": 0.7142857142857143,
      "recall": 0.5,
      "f1": 0.5882352941176471,
      "accuracy": 0.9611111111111111,
      "support": 10
    },
    "Lower_33": {
      "position": 10,
      "fdi": 33,
      "jaw": "lower",
      "precision": 0.4,
      "recall": 0.5,
      "f1": 0.4444444444444444,
      "accuracy": 0.9722222222222222,
      "support": 4
    },
    "Upper_24": {
      "position": 11,
      "fdi": 24,
      "jaw": "upper",
      "precision": 0.2,
      "recall": 0.6666666666666666,
      "f1": 0.3076923076923077,
      "accuracy": 0.95,
      "support": 3
    },
    "Lower_34": {
      "position": 11,
      "fdi": 34,
      "jaw": "lower",
      "precision": 0.13636363636363635,
      "recall": 0.6,
      "f1": 0.2222222222222222,
      "accuracy": 0.8833333333333333,
      "support": 5
    },
    "Upper_25": {
      "position": 12,
      "fdi": 25,
      "jaw": "upper",
      "precision": 0.0,
      "recall": 0.0,
      "f1": 0.0,
      "accuracy": 0.9555555555555556,
      "support": 6
    },
    "Lower_35": {
      "position": 12,
      "fdi": 35,
      "jaw": "lower",
      "precision": 0.2222222222222222,
      "recall": 0.3333333333333333,
      "f1": 0.26666666666666666,
      "accuracy": 0.9388888888888889,
      "support": 6
    },
    "Upper_26": {
      "position": 13,
      "fdi": 26,
      "jaw": "upper",
      "precision": 0.2222222222222222,
      "recall": 0.6666666666666666,
      "f1": 0.3333333333333333,
      "accuracy": 0.9555555555555556,
      "support": 3
    },
    "Lower_36": {
      "position": 13,
      "fdi": 36,
      "jaw": "lower",
      "precision": 0.16666666666666666,
      "recall": 0.6,
      "f1": 0.2608695652173913,
      "accuracy": 0.9055555555555556,
      "support": 5
    },
    "Upper_27": {
      "position": 14,
      "fdi": 27,
      "jaw": "upper",
      "precision": 0.8478260869565217,
      "recall": 0.8478260869565217,
      "f1": 0.8478260869565217,
      "accuracy": 0.9222222222222223,
      "support": 46
    },
    "Lower_37": {
      "position": 14,
      "fdi": 37,
      "jaw": "lower",
      "precision": 0.813953488372093,