{
  "overall_metrics": {
    "missing_precision": 0.4339430894308943,
    "missing_recall": 0.9232432432432433,
    "missing_f1": 0.5903905979951607,
    "missing_accuracy": 0.7942708333333334,
    "missing_balanced_accuracy": 0.8464199670197602,
    "missing_pr_auc_micro": 0.9484317670708261,
    "missing_pr_auc_macro": 0.44452201189784374,
    "jaw_precision": 0.9777777777777777,
    "jaw_recall": 0.9777777777777777,
    "jaw_f1": 0.9777777777777777,
    "jaw_accuracy": 0.9777777777777777
  },
  "macro_metrics": {
    "macro_precision": 0.5088005862282523,
    "macro_recall": 0.6841175870291234,
    "macro_f1": 0.4962559581665801,
    "macro_accuracy": 0.861111111111111,
    "macro_support_min": 1,
    "macro_positions_per_jaw": 14,
    "macro_jaws_included": 2
  },
  "per_jaw_macro": {
    "upper": {
      "macro_precision": 0.5192983253525598,
      "macro_recall": 0.7139074354852522,
      "macro_f1": 0.5082518939607673,
      "macro_accuracy": 0.8880952380952379,
      "macro_positions": 14
    },
    "lower": {
      "macro_precision": 0.4983028471039449,
      "macro_recall": 0.6543277385729948,
      "macro_f1": 0.48426002237239285,
      "macro_accuracy": 0.8341269841269842,
      "macro_positions": 14
    }
  },
  "per_position_metrics": {
    "Upper_18": {
      "position": 0,
      "fdi": 18,
      "jaw": "upper",
      "precision": 0.9820359281437125,
      "recall": 0.9879518072289156,
      "f1": 0.984984984984985,
      "accuracy": 0.9722222222222222,
      "support": 166
    },
    "Lower_48": {
      "position": 0,
      "fdi": 48,
      "jaw": "lower",
      "precision": 0.9583333333333334,
      "recall": 0.9877300613496932,
      "f1": 0.972809667673716,
      "accuracy": 0.95,
      "support": 163
    },
    "Upper_17": {
      "position": 1,
      "fdi": 17,
      "jaw": "upper",
      "precision": 0.8363636363636363,
      "recall": 0.9387755102040817,
      "f1": 0.8846153846153846,
      "accuracy": 0.9333333333333333,
      "support": 49
    },
    "Lower_47": {
      "position": 1,
      "fdi": 47,
      "jaw": "lower",
      "precision": 0.875,
      "recall": 0.717948717948718,
      "f1": 0.7887323943661971,
      "accuracy": 0.9166666666666666,
      "support": 39
    },
    "Upper_16": {
      "position": 2,
      "fdi": 16,
      "jaw": "upper",
      "precision": 0.1111111111111111,
      "recall": 0.5,
      "f1": 0.18181818181818182,
      "accuracy": 0.95,
      "support": 2
    },
    "Lower_46": {
      "position": 2,
      "fdi": 46,
      "jaw": "lower",
      "precision": 0.15384615384615385,
      "recall": 0.4,
      "f1": 0.2222222222222222,
      "accuracy": 0.9222222222222223,
      "support": 5
    },
    "Upper_15": {
      "position": 3,
      "fdi": 15,
      "jaw": "upper",
      "precision": 0.16666666666666666,
      "recall": 0.6666666666666666,
      "f1": 0.26666666666666666,
      "accuracy": 0.9388888888888889,
      "support": 3
    },
    "Lower_45": {
      "position": 3,
      "fdi": 45,
      "jaw": "lower",
      "precision": 0.5833333333333334,
      "recall": 0.7777777777777778,
      "f1": 0.6666666666666666,
      "accuracy": 0.9611111111111111,
      "support": 9
    },
    "Upper_14": {
      "position": 4,
      "fdi": 14,
      "jaw": "upper",
      "precision": 0.3,
      "recall": 0.375,
      "f1": 0.3333333333333333,
      "accuracy": 0.9333333333333333,
      "support": 8
    },
    "Lower_44": {
      "position": 4,
      "fdi": 44,
      "jaw": "lower",
      "precision": 0.14285714285714285,
      "recall": 1.0,
      "f1": 0.25,
      "accuracy": 0.9666666666666667,
      "support": 1
    },
    "Upper_13": {
      "position": 5,
      "fdi": 13,
      "jaw": "upper",
      "precision": 0.6666666666666666,
      "recall": 0.5714285714285714,
      "f1": 0.6153846153846154,
      "accuracy": 0.9722222222222222,
      "support": 7
    },
    "Lower_43": {
      "position": 5,
      "fdi": 43,
      "jaw": "lower",
      "precision": 0.0,
      "recall": 0.0,
      "f1": 0.0,
      "accuracy": 0.9833333333333333,
      "support": 3
    },
    "Upper_12": {
      "position": 6,
      "fdi": 12,
      "jaw": "upper",
      "precision": 0.038461538461538464,
      "recall": 1.0,
      "f1": 0.07407407407407407,
      "accuracy": 0.8611111111111112,
      "support": 1
    },
    "Lower_42": {
      "position": 6,
      "fdi": 42,
      "jaw": "lower",
      "precision": 0.0,
      "recall": 0.0,
      "f1": 0.0,
      "accuracy": 0.9833333333333333,
      "support": 0
    },
    "Upper_11": {
      "position": 7,
      "fdi": 11,
      "jaw": "upper",
      "precision": 0.0,
      "recall": 0.0,
      "f1": 0.0,
      "accuracy": 0.1,
      "support": 0
    },
    "Lower_41": {
      "position": 7,
      "fdi": 41,
      "jaw": "lower",
      "precision": 0.0,
      "recall": 0.0,
      "f1": 0.0,
      "accuracy": 0.1,
      "support": 1
    },
    "Upper_21": {
      "position": 8,
      "fdi": 21,
      "jaw": "upper",
      "precision": 0.0,
      "recall": 0.0,
      "f1": 0.0,
      "accuracy": 0.1,
      "support": 0
    },
    "Lower_31": {
      "position": 8,
      "fdi": 31,
      "jaw": "lower",
      "precision": 0.006211180124223602,
      "recall": 1.0,
      "f1": 0.012345679012345678,
      "accuracy": 0.1111111111111111,
      "support": 1
    },
    "Upper_22": {
      "position": 9,
      "fdi": 22,
      "jaw": "upper",
      "precision": 0.006289308176100629,
      "recall": 1.0,
      "f1": 0.0125,
      "accuracy": 0.12222222222222222,
      "support": 1
    },
    "Lower_32": {
      "position": 9,
      "fdi": 32,
      "jaw": "lower",
      "precision": 0.0,
      "recall": 0.0,
      "f1": 0.0,
      "accuracy": 0.12222222222222222,
      "support": 0
    },
    "Upper_23": {
      "position": 10,
      "fdi": 23,
      "jaw": "upper",
      "precision": 0.7777777777777778,
      "recall": 0.7,
      "f1": 0.7368421052631579,
      "accuracy": 0.9722222222222222,
      "support": 10
    },
    "Lower_33": {
      "position": 10,
      "fdi": 33,
      "jaw": "lower",
      "precision": 0.75,
      "recall": 0.75,
      "f1": 0.75,
      "accuracy": 0.9888888888888889,
      "support": 4
    },
    "Upper_24": {
      "position": 11,
      "fdi": 24,
      "jaw": "upper",
      "precision": 0.2,
      "recall": 0.3333333333333333,
      "f1": 0.25,
      "accuracy": 0.9666666666666667,
      "support": 3
    },
    "Lower_34": {
      "position": 11,
      "fdi": 34,
      "jaw": "lower",
      "precision": 0.4,
      "recall": 0.8,
      "f1": 0.5333333333333333,
      "accuracy": 0.9611111111111111,
      "support": 5
    },
    "Upper_25": {
      "position": 12,
      "fdi": 25,
      "jaw": "upper",
      "precision": 0.3333333333333333,
      "recall": 0.8333333333333334,
      "f1": 0.47619047619047616,
      "accuracy": 0.9388888888888889,
      "support": 6
    },
    "Lower_35": {
      "position": 12,
      "fdi": 35,
      "jaw": "lower",
      "precision": 0.3076923076923077,
      "recall": 0.6666666666666666,
      "f1": 0.42105263157894735,
      "accuracy": 0.9388888888888889,
      "support": 6
    },
    "Upper_26": {
      "position": 13,
      "fdi": 26,
      "jaw": "upper",
      "precision": 1.0,
      "recall": 0.3333333333333333,
      "f1": 0.5,
      "accuracy": 0.9888888888888889,
      "support": 3
    },
    "Lower_36": {
      "position": 13,
      "fdi": 36,
      "jaw": "lower",
      "precision": 1.0,
      "recall": 0.2,
      "f1": 0.3333333333333333,
      "accuracy": 0.9777777777777777,
      "support": 5
    },
    "Upper_27": {
      "position": 14,
      "fdi": 27,
      "jaw": "upper",
      "precision": 0.875,
      "recall": 0.7608695652173914,
      "f1": 0.813953488372093,
      "accuracy": 0.9111111111111111,
      "support": 46
    },
    "Lower_37": {
      "position": 14,
      "fdi": 37,
      "jaw": "lower",
      "precision": 0.8222222222222222,
      "recall": 0.8604651162790697,