{
  "macro_metrics": {
    "macro_precision": 0.9907094566178362,
    "macro_recall": 0.9844477594942245,
    "macro_f1": 0.9875174851163493,
    "macro_accuracy": 0.9855034722222222
  },
  "per_tooth_metrics": {
    "11": {
      "precision": 1.0,
      "recall": 0.9942528735632183,
      "f1": 0.9971181556195965,
      "accuracy": 0.9972222222222222,
      "support": 174
    },
    "12": {
      "precision": 1.0,
      "recall": 0.9611111111111111,
      "f1": 0.9801699716713881,
      "accuracy": 0.9805555555555555,
      "support": 180
    },
    "13": {
      "precision": 0.9837837837837838,
      "recall": 0.9680851063829787,
      "f1": 0.9758713136729222,
      "accuracy": 0.975,
      "support": 188
    },
    "14": {
      "precision": 1.0,
      "recall": 0.9666666666666667,
      "f1": 0.9830508474576272,
      "accuracy": 0.9833333333333333,
      "support": 180
    },
    "15": {
      "precision": 0.9830508474576272,
      "recall": 0.9886363636363636,
      "f1": 0.9858356940509915,
      "accuracy": 0.9861111111111112,
      "support": 176
    },
    "16": {
      "precision": 1.0,
      "recall": 0.9830508474576272,
      "f1": 0.9914529914529915,
      "accuracy": 0.9916666666666667,
      "support": 177
    },
    "17": {
      "precision": 0.9696969696969697,
      "recall": 0.9613733905579399,
      "f1": 0.9655172413793104,
      "accuracy": 0.9555555555555556,
      "support": 233
    },
    "18": {
      "precision": 0.9886363636363636,
      "recall": 0.9942857142857143,
      "f1": 0.9914529914529915,
      "accuracy": 0.9833333333333333,
      "support": 350
    },
    "21": {
      "precision": 1.0,
      "recall": 0.9942528735632183,
      "f1": 0.9971181556195965,
      "accuracy": 0.9972222222222222,
      "support": 174
    },
    "22": {
      "precision": 1.0,
      "recall": 0.9942528735632183,
      "f1": 0.9971181556195965,
      "accuracy": 0.9972222222222222,
      "support": 174
    },
    "23": {
      "precision": 0.9725274725274725,
      "recall": 0.9516129032258065,
      "f1": 0.9619565217391305,
      "accuracy": 0.9611111111111111,
      "support": 186
    },
    "24": {
      "precision": 1.0,
      "recall": 0.9719101123595506,
      "f1": 0.9857549857549858,
      "accuracy": 0.9861111111111112,
      "support": 178
    },
    "25": {
      "precision": 0.9722222222222222,
      "recall": 0.9887005649717514,
      "f1": 0.9803921568627451,
      "accuracy": 0.9805555555555555,
      "support": 177
    },
    "26": {
      "precision": 0.9942857142857143,
      "recall": 0.9942857142857143,
      "f1": 0.9942857142857143,
      "accuracy": 0.9944444444444445,
      "support": 175
    },
    "27": {
      "precision": 0.9572649572649573,
      "recall": 0.9781659388646288,
      "f1": 0.9676025917926566,
      "accuracy": 0.9583333333333334,
      "support": 229
    },
    "28": {
      "precision": 0.9887323943661972,
      "recall": 0.9971590909090909,
      "f1": 0.9929278642149929,
      "accuracy": 0.9861111111111112,
      "support": 352
    },
    "31": {
      "precision": 1.0,
      "recall": 0.9946808510638298,
      "f1": 0.9973333333333333,
      "accuracy": 0.9972222222222222,
      "support": 188
    },
    "32": {
      "precision": 1.0,
      "recall": 1.0,
      "f1": 1.0,
      "accuracy": 1.0,
      "support": 187
    },
    "33": {
      "precision": 1.0,
      "recall": 0.9739583333333334,
      "f1": 0.9868073878627969,
      "accuracy": 0.9861111111111112,
      "support": 192
    },
    "34": {
      "precision": 0.9947089947089947,
      "recall": 0.9842931937172775,
      "f1": 0.9894736842105263,
      "accuracy": 0.9888888888888889,
      "support": 191
    },
    "35": {
      "precision": 0.9947089947089947,
      "recall": 0.9947089947089947,
      "f1": 0.9947089947089947,
      "accuracy": 0.9944444444444445,
      "support": 189
    },
    "36": {
      "precision": 0.9947089947089947,
      "recall": 0.9947089947089947,
      "f1": 0.9947089947089947,
      "accuracy": 0.9944444444444445,
      "support": 189
    },
    "37": {
      "precision": 0.9652173913043478,
      "recall": 0.9736842105263158,
      "f1": 0.9694323144104804,
      "accuracy": 0.9611111111111111,
      "support": 228
    },
    "38": {
      "precision": 0.9971671388101983,
      "recall": 0.9943502824858758,
      "f1": 0.9957567185289957,
      "accuracy": 0.9916666666666667,
      "support": 354
    },
    "41": {
      "precision": 1.0,
      "recall": 1.0,
      "f1": 1.0,
      "accuracy": 1.0,
      "support": 187
    },
    "42": {
      "precision": 1.0,
      "recall": 0.9946808510638298,
      "f1": 0.9973333333333333,
      "accuracy": 0.9972222222222222,
      "support": 188
    },
    "43": {
      "precision": 1.0,
      "recall": 0.9689119170984456,
      "f1": 0.9842105263157894,
      "accuracy": 0.9833333333333333,
      "support": 193
    },
    "44": {
      "precision": 1.0,
      "recall": 0.9894179894179894,
      "f1": 0.9946808510638298,
      "accuracy": 0.9944444444444445,
      "support": 189
    },
    "45": {
      "precision": 0.9895287958115183,
      "recall": 0.9895287958115183,
      "f1": 0.9895287958115183,
      "accuracy": 0.9888888888888889,
      "support": 191
    },
    "46": {
      "precision": 1.0,
      "recall": 0.9894736842105263,
      "f1": 0.9947089947089947,
      "accuracy": 0.9944444444444445,
      "support": 190
    },
    "47": {
      "precision": 0.9649122807017544,
      "recall": 0.9777777777777777,
      "f1": 0.9713024282560706,
      "accuracy": 0.9638888888888889,
      "support": 225
    },
    "48": {
      "precision": 0.9915492957746479,
      "recall": 0.9943502824858758,
      "f1": 0.9929478138222849,
      "accuracy": 0.9861111111111112,
      "support": 354
    }
  }
}