{
  "micro_metrics": {
    "micro_precision": 0.9411906732891833,
    "micro_recall": 0.9411906732891833,
    "micro_f1": 0.9411906732891833,
    "micro_accuracy": 0.9411906732891833
  },
  "macro_metrics": {
    "macro_precision": 0.9682913373980064,
    "macro_recall": 0.9388813840792336,
    "macro_f1": 0.952671715802541,
    "macro_accuracy": 0.9411906732891833
  },
  "per_tooth_metrics": {
    "11": {
      "precision": 0.9964912280701754,
      "recall": 0.9810017271157168,
      "f1": 0.9886858137510879,
      "accuracy": 0.9856512141280354,
      "support": 579
    },
    "12": {
      "precision": 0.9798534798534798,
      "recall": 0.9272097053726169,
      "f1": 0.9528049866429208,
      "accuracy": 0.9415011037527594,
      "support": 577
    },
    "13": {
      "precision": 0.9965811965811966,
      "recall": 0.9716666666666667,
      "f1": 0.9839662447257383,
      "accuracy": 0.9790286975717439,
      "support": 600
    },
    "14": {
      "precision": 0.9847198641765704,
      "recall": 0.9715242881072027,
      "f1": 0.9780775716694773,
      "accuracy": 0.9713024282560706,
      "support": 597
    },
    "15": {
      "precision": 0.9526411657559198,
      "recall": 0.9017241379310345,
      "f1": 0.9264836138175376,
      "accuracy": 0.9083885209713024,
      "support": 580
    },
    "16": {
      "precision": 0.9114139693356048,
      "recall": 0.9419014084507042,
      "f1": 0.9264069264069265,
      "accuracy": 0.9061810154525386,
      "support": 568
    },
    "17": {
      "precision": 0.9539170506912442,
      "recall": 0.971830985915493,
      "f1": 0.9627906976744186,
      "accuracy": 0.9470198675496688,
      "support": 639
    },
    "18": {
      "precision": 0.9887892376681614,
      "recall": 1.0,
      "f1": 0.9943630214205186,
      "accuracy": 0.9889624724061811,
      "support": 882
    },
    "21": {
      "precision": 1.0,
      "recall": 0.9832775919732442,
      "f1": 0.9915682967959528,
      "accuracy": 0.9889624724061811,
      "support": 598
    },
    "22": {
      "precision": 0.9930313588850174,
      "recall": 0.9878682842287695,
      "f1": 0.9904430929626412,
      "accuracy": 0.9878587196467992,
      "support": 577
    },
    "23": {
      "precision": 0.9882943143812709,
      "recall": 0.9899497487437185,
      "f1": 0.9891213389121339,
      "accuracy": 0.9856512141280354,
      "support": 597
    },
    "24": {
      "precision": 0.9947916666666666,
      "recall": 0.9896373056994818,
      "f1": 0.9922077922077922,
      "accuracy": 0.9900662251655629,
      "support": 579
    },
    "25": {
      "precision": 0.990990990990991,
      "recall": 0.9581881533101045,
      "f1": 0.9743135518157662,
      "accuracy": 0.9679911699779249,
      "support": 574
    },
    "26": {
      "precision": 0.9668411867364747,
      "recall": 0.9437819420783645,
      "f1": 0.9551724137931035,
      "accuracy": 0.9426048565121413,
      "support": 587
    },
    "27": {
      "precision": 0.9354838709677419,
      "recall": 0.9806763285024155,
      "f1": 0.9575471698113207,
      "accuracy": 0.9403973509933775,
      "support": 621
    },
    "28": {
      "precision": 0.9910614525139665,
      "recall": 1.0,
      "f1": 0.9955106621773289,
      "accuracy": 0.9911699779249448,
      "support": 887
    },
    "31": {
      "precision": 0.9592668024439919,
      "recall": 0.810671256454389,
      "f1": 0.878731343283582,
      "accuracy": 0.8565121412803532,
      "support": 581
    },
    "32": {
      "precision": 0.9758551307847082,
      "recall": 0.8645276292335116,
      "f1": 0.9168241965973535,
      "accuracy": 0.9028697571743929,
      "support": 561
    },
    "33": {
      "precision": 0.9418386491557224,
      "recall": 0.8822495606326889,
      "f1": 0.911070780399274,
      "accuracy": 0.891832229580574,
      "support": 569
    },
    "34": {
      "precision": 0.8718861209964412,
      "recall": 0.8892921960072595,
      "f1": 0.8805031446540881,
      "accuracy": 0.8532008830022075,
      "support": 551
    },
    "35": {
      "precision": 0.9279112754158965,
      "recall": 0.8760907504363001,
      "f1": 0.9012567324955116,
      "accuracy": 0.8785871964679912,
      "support": 573
    },
    "36": {
      "precision": 0.9830148619957537,
      "recall": 0.8209219858156028,
      "f1": 0.8946859903381642,
      "accuracy": 0.8796909492273731,
      "support": 564
    },
    "37": {
      "precision": 0.9423728813559322,
      "recall": 0.9423728813559322,
      "f1": 0.9423728813559322,
      "accuracy": 0.9249448123620309,
      "support": 590
    },
    "38": {
      "precision": 0.9932432432432432,
      "recall": 0.997737556561086,
      "f1": 0.9954853273137697,
      "accuracy": 0.9911699779249448,
      "support": 884
    },
    "41": {
      "precision": 0.9655172413793104,
      "recall": 0.9366197183098591,
      "f1": 0.9508489722966935,
      "accuracy": 0.9392935982339956,
      "support": 568
    },
    "42": {
      "precision": 0.9855371900826446,
      "recall": 0.8472468916518651,
      "f1": 0.9111747851002865,
      "accuracy": 0.8973509933774835,
      "support": 563
    },
    "43": {
      "precision": 0.9753521126760564,
      "recall": 0.9601386481802426,
      "f1": 0.9676855895196507,
      "accuracy": 0.9591611479028698,
      "support": 577
    },
    "44": {
      "precision": 0.9622302158273381,
      "recall": 0.9452296819787986,
      "f1": 0.9536541889483066,
      "accuracy": 0.9426048565121413,
      "support": 566
    },
    "45": {
      "precision": 0.9823182711198428,
      "recall": 0.9090909090909091,
      "f1": 0.9442870632672332,
      "accuracy": 0.934878587196468,
      "support": 550
    },
    "46": {
      "precision": 0.956766917293233,
      "recall": 0.9154676258992805,
      "f1": 0.9356617647058824,
      "accuracy": 0.9227373068432672,
      "support": 556
    },
    "47": {
      "precision": 0.9463087248322147,
      "recall": 0.9463087248322147,
      "f1": 0.9463087248322147,
      "accuracy": 0.9293598233995585,
      "support": 596
    },
    "48": {
      "precision": 0.9910011248593926,
      "recall": 1.0,
      "f1": 0.9954802259887006,
      "accuracy": 0.9911699779249448,
      "support": 881
    }
  },
  "training_config": {
    "loss_function": "BCEWithLogitsLossSmoothed",
    "label_smoothing": 0.1,
    "learning_rate": 0.0005,
    "weight_decay": 0.05,
    "dropout_rate": 0.5,
    "batch_size": 16,
    "early_stopping_patience": 10,
    "min_delta": 0.001
  }
}