{
  "strategy": "max_f1",
  "min_precision": 0.2,
  "calibration_ratio": 0.2,
  "thresholds_fdi": {
    "upper": {
      "18": 0.5870317220687866,
      "17": 0.17832829058170319,
      "16": 0.19831199944019318,
      "15": 0.36689069867134094,
      "14": 0.0833185687661171,
      "13": 0.5,
      "12": 0.08320270478725433,
      "11": 0.08630054444074631,
      "21": 0.5,
      "22": 0.5,
      "23": 0.5,
      "24": 0.5,
      "25": 0.46375608444213867,
      "26": 0.1893727332353592,
      "27": 0.4157975912094116,
      "28": 0.6241033673286438
    },
    "lower": {
      "48": 0.8209320306777954,
      "47": 0.40690237283706665,
      "46": 0.18388956785202026,
      "45": 0.2174452543258667,
      "44": 0.5,
      "43": 0.5,
      "42": 0.5,
      "41": 0.5,
      "31": 0.5,
      "32": 0.5,
      "33": 0.5,
      "34": 0.5,
      "35": 0.22797802090644836,
      "36": 0.2437741458415985,
      "37": 0.6029230952262878,
      "38": 0.8135917782783508
    }
  }
}