{
  "micro_metrics": {
    "micro_precision": 0.9454459203036053,
    "micro_recall": 0.9454459203036053,
    "micro_f1": 0.9454459203036053,
    "micro_accuracy": 0.9454459203036053
  },
  "macro_metrics": {
    "macro_precision": 0.9841028143372879,
    "macro_recall": 0.9216725475655447,
    "macro_f1": 0.9513321552667602,
    "macro_accuracy": 0.9454459203036053
  },
  "per_tooth_metrics": {
    "11": {
      "precision": 0.9962406015037594,
      "recall": 0.9233449477351916,
      "f1": 0.9584086799276673,
      "accuracy": 0.9563567362428842,
      "support": 287
    },
    "12": {
      "precision": 0.9962264150943396,
      "recall": 0.8949152542372881,
      "f1": 0.9428571428571428,
      "accuracy": 0.9392789373814042,
      "support": 295
    },
    "13": {
      "precision": 0.9962962962962963,
      "recall": 0.8996655518394648,
      "f1": 0.945518453427065,
      "accuracy": 0.9411764705882353,
      "support": 299
    },
    "14": {
      "precision": 0.9924528301886792,
      "recall": 0.8945578231292517,
      "f1": 0.9409660107334525,
      "accuracy": 0.937381404174573,
      "support": 294
    },
    "15": {
      "precision": 0.988929889298893,
      "recall": 0.9370629370629371,
      "f1": 0.9622980251346499,
      "accuracy": 0.9601518026565465,
      "support": 286
    },
    "16": {
      "precision": 0.9924528301886792,
      "recall": 0.9195804195804196,
      "f1": 0.9546279491833031,
      "accuracy": 0.952561669829222,
      "support": 286
    },
    "17": {
      "precision": 0.9411764705882353,
      "recall": 0.9221902017291066,
      "f1": 0.9315866084425036,
      "accuracy": 0.9108159392789373,
      "support": 347
    },
    "18": {
      "precision": 0.972972972972973,
      "recall": 1.0,
      "f1": 0.9863013698630136,
      "accuracy": 0.9734345351043643,
      "support": 504
    },
    "21": {
      "precision": 0.9924812030075187,
      "recall": 0.9198606271777003,
      "f1": 0.9547920433996383,
      "accuracy": 0.952561669829222,
      "support": 287
    },
    "22": {
      "precision": 0.9888059701492538,
      "recall": 0.8803986710963455,
      "f1": 0.9314586994727593,
      "accuracy": 0.9259962049335864,
      "support": 301
    },
    "23": {
      "precision": 0.9925093632958801,
      "recall": 0.8774834437086093,
      "f1": 0.9314586994727593,
      "accuracy": 0.9259962049335864,
      "support": 302
    },
    "24": {
      "precision": 0.9962121212121212,
      "recall": 0.9006849315068494,
      "f1": 0.9460431654676259,
      "accuracy": 0.9430740037950665,
      "support": 292
    },
    "25": {
      "precision": 0.9850746268656716,
      "recall": 0.9010238907849829,
      "f1": 0.9411764705882353,
      "accuracy": 0.937381404174573,
      "support": 293
    },
    "26": {
      "precision": 0.9962264150943396,
      "recall": 0.9198606271777003,
      "f1": 0.9565217391304348,
      "accuracy": 0.9544592030360531,
      "support": 287
    },
    "27": {
      "precision": 0.9556213017751479,
      "recall": 0.9641791044776119,
      "f1": 0.9598811292719168,
      "accuracy": 0.9487666034155597,
      "support": 335
    },
    "28": {
      "precision": 0.9691714836223507,
      "recall": 1.0,
      "f1": 0.9843444227005871,
      "accuracy": 0.969639468690702,
      "support": 503
    },
    "31": {
      "precision": 0.9740740740740741,
      "recall": 0.9195804195804196,
      "f1": 0.9460431654676259,
      "accuracy": 0.9430740037950665,
      "support": 286
    },
    "32": {
      "precision": 0.9850746268656716,
      "recall": 0.9134948096885813,
      "f1": 0.947935368043088,
      "accuracy": 0.9449715370018975,
      "support": 289
    },
    "33": {
      "precision": 0.9923954372623575,
      "recall": 0.9,
      "f1": 0.9439421338155516,
      "accuracy": 0.9411764705882353,
      "support": 290
    },
    "34": {
      "precision": 0.9923954372623575,
      "recall": 0.903114186851211,
      "f1": 0.9456521739130435,
      "accuracy": 0.9430740037950665,
      "support": 289
    },
    "35": {
      "precision": 0.9923954372623575,
      "recall": 0.9094076655052264,
      "f1": 0.9490909090909091,
      "accuracy": 0.9468690702087287,
      "support": 287
    },
    "36": {
      "precision": 0.9961977186311787,
      "recall": 0.8851351351351351,
      "f1": 0.9373881932021467,
      "accuracy": 0.9335863377609108,
      "support": 296
    },
    "37": {
      "precision": 0.9544072948328267,
      "recall": 0.9429429429429429,
      "f1": 0.9486404833836858,
      "accuracy": 0.9354838709677419,
      "support": 333
    },
    "38": {
      "precision": 0.9807692307692307,
      "recall": 0.9980430528375733,
      "f1": 0.9893307468477207,
      "accuracy": 0.9791271347248577,
      "support": 511
    },
    "41": {
      "precision": 0.9924242424242424,
      "recall": 0.903448275862069,
      "f1": 0.9458483754512635,
      "accuracy": 0.9430740037950665,
      "support": 290
    },
    "42": {
      "precision": 0.9962121212121212,
      "recall": 0.926056338028169,
      "f1": 0.9598540145985401,
      "accuracy": 0.9582542694497154,
      "support": 284
    },
    "43": {
      "precision": 0.9888059701492538,
      "recall": 0.8983050847457628,
      "f1": 0.9413854351687388,
      "accuracy": 0.937381404174573,
      "support": 295
    },
    "44": {
      "precision": 0.9850187265917603,
      "recall": 0.9131944444444444,
      "f1": 0.9477477477477477,
      "accuracy": 0.9449715370018975,
      "support": 288
    },
    "45": {
      "precision": 0.9923954372623575,
      "recall": 0.8758389261744967,
      "f1": 0.93048128342246,
      "accuracy": 0.9259962049335864,
      "support": 298
    },
    "46": {
      "precision": 0.9923954372623575,
      "recall": 0.9190140845070423,
      "f1": 0.9542961608775137,
      "accuracy": 0.952561669829222,
      "support": 284
    },
    "47": {
      "precision": 0.9598765432098766,
      "recall": 0.9311377245508982,
      "f1": 0.9452887537993921,
      "accuracy": 0.9316888045540797,
      "support": 334
    },
    "48": {
      "precision": 0.9636015325670498,
      "recall": 1.0,
      "f1": 0.9814634146341463,
      "accuracy": 0.9639468690702088,
      "support": 503
    }
  },
  "training_config": {
    "learning_rate": 0.0005,
    "weight_decay": 0.05,
    "label_smoothing": 0.1,
    "dropout_rate": 0.5,
    "batch_size": 32,
    "early_stopping_patience": 10,
    "min_delta": 0.001
  }
}