{
  "overall_metrics": {
    "missing_precision": 0.7840531561461794,
    "missing_recall": 0.8990476190476191,
    "missing_f1": 0.8376220053238687,
    "missing_accuracy": 0.9174187725631769,
    "missing_balanced_accuracy": 0.911085015910563,
    "missing_pr_auc_micro": 0.9285699370043834,
    "missing_pr_auc_macro": 0.7329535964247883,
    "jaw_precision": 0.9963503649635036,
    "jaw_recall": 0.9963503649635036,
    "jaw_f1": 0.9963503649635036,
    "jaw_accuracy": 0.9963898916967509
  },
  "macro_metrics": {
    "macro_precision": 0.6656264661335352,
    "macro_recall": 0.8122049422476258,
    "macro_f1": 0.7195759134036809,
    "macro_accuracy": 0.917443300312826,
    "macro_support_min": 1,
    "macro_positions_per_jaw": 16,
    "macro_jaws_included": 2
  },
  "per_jaw_macro": {
    "upper": {
      "macro_precision": 0.6760962604562761,
      "macro_recall": 0.8205600469940237,
      "macro_f1": 0.7276999758078336,
      "macro_accuracy": 0.9151785714285714,
      "macro_positions": 16
    },
    "lower": {
      "macro_precision": 0.6551566718107942,
      "macro_recall": 0.803849837501228,
      "macro_f1": 0.7114518509995281,
      "macro_accuracy": 0.9197080291970804,
      "macro_positions": 16
    }
  },
  "per_position_metrics": {
    "Upper_18": {
      "position": 0,
      "fdi": 18,
      "jaw": "upper",
      "precision": 0.977859778597786,
      "recall": 0.9925093632958801,
      "f1": 0.9851301115241635,
      "accuracy": 0.9714285714285714,
      "support": 267
    },
    "Lower_48": {
      "position": 0,
      "fdi": 48,
      "jaw": "lower",
      "precision": 0.9699248120300752,
      "recall": 1.0,
      "f1": 0.9847328244274809,
      "accuracy": 0.9708029197080292,
      "support": 258
    },
    "Upper_17": {
      "position": 1,
      "fdi": 17,
      "jaw": "upper",
      "precision": 0.898989898989899,
      "recall": 0.8640776699029126,
      "f1": 0.8811881188118812,
      "accuracy": 0.9142857142857143,
      "support": 103
    },
    "Lower_47": {
      "position": 1,
      "fdi": 47,
      "jaw": "lower",
      "precision": 0.7777777777777778,
      "recall": 0.8513513513513513,
      "f1": 0.8129032258064516,
      "accuracy": 0.8941605839416058,
      "support": 74
    },
    "Upper_16": {
      "position": 2,
      "fdi": 16,
      "jaw": "upper",
      "precision": 0.8421052631578947,
      "recall": 0.6956521739130435,
      "f1": 0.7619047619047619,
      "accuracy": 0.9642857142857143,
      "support": 23
    },
    "Lower_46": {
      "position": 2,
      "fdi": 46,
      "jaw": "lower",
      "precision": 0.8571428571428571,
      "recall": 0.72,
      "f1": 0.782608695652174,
      "accuracy": 0.9635036496350365,
      "support": 25
    },
    "Upper_15": {
      "position": 3,
      "fdi": 15,
      "jaw": "upper",
      "precision": 0.45714285714285713,
      "recall": 0.7272727272727273,
      "f1": 0.5614035087719298,
      "accuracy": 0.9107142857142857,
      "support": 22
    },
    "Lower_45": {
      "position": 3,
      "fdi": 45,
      "jaw": "lower",
      "precision": 0.5428571428571428,
      "recall": 0.6785714285714286,
      "f1": 0.6031746031746031,
      "accuracy": 0.9087591240875912,
      "support": 28
    },
    "Upper_14": {
      "position": 4,
      "fdi": 14,
      "jaw": "upper",
      "precision": 0.5476190476190477,
      "recall": 0.71875,
      "f1": 0.6216216216216216,
      "accuracy": 0.9,
      "support": 32
    },
    "Lower_44": {
      "position": 4,
      "fdi": 44,
      "jaw": "lower",
      "precision": 0.5641025641025641,
      "recall": 0.88,
      "f1": 0.6875,
      "accuracy": 0.927007299270073,
      "support": 25
    },
    "Upper_13": {
      "position": 5,
      "fdi": 13,
      "jaw": "upper",
      "precision": 0.6470588235294118,
      "recall": 0.7333333333333333,
      "f1": 0.6875,
      "accuracy": 0.8928571428571429,
      "support": 45
    },
    "Lower_43": {
      "position": 5,
      "fdi": 43,
      "jaw": "lower",
      "precision": 0.40425531914893614,
      "recall": 0.7037037037037037,
      "f1": 0.5135135135135135,
      "accuracy": 0.8686131386861314,
      "support": 27
    },
    "Upper_12": {
      "position": 6,
      "fdi": 12,
      "jaw": "upper",
      "precision": 0.4,
      "recall": 0.7586206896551724,
      "f1": 0.5238095238095238,
      "accuracy": 0.8571428571428571,
      "support": 29
    },
    "Lower_42": {
      "position": 6,
      "fdi": 42,
      "jaw": "lower",
      "precision": 0.3888888888888889,
      "recall": 0.875,
      "f1": 0.5384615384615384,
      "accuracy": 0.8686131386861314,
      "support": 24
    },
    "Upper_11": {
      "position": 7,
      "fdi": 11,
      "jaw": "upper",
      "precision": 0.6410256410256411,
      "recall": 0.9615384615384616,
      "f1": 0.7692307692307693,
      "accuracy": 0.9464285714285714,
      "support": 26
    },
    "Lower_41": {
      "position": 7,
      "fdi": 41,
      "jaw": "lower",
      "precision": 0.6097560975609756,
      "recall": 0.8620689655172413,
      "f1": 0.7142857142857143,
      "accuracy": 0.927007299270073,
      "support": 29
    },
    "Upper_21": {
      "position": 8,
      "fdi": 21,
      "jaw": "upper",
      "precision": 0.5121951219512195,
      "recall": 0.875,
      "f1": 0.6461538461538462,
      "accuracy": 0.9178571428571428,
      "support": 24
    },
    "Lower_31": {
      "position": 8,
      "fdi": 31,
      "jaw": "lower",
      "precision": 0.6486486486486487,
      "recall": 0.8571428571428571,
      "f1": 0.7384615384615385,
      "accuracy": 0.9379562043795621,
      "support": 28
    },
    "Upper_22": {
      "position": 9,
      "fdi": 22,
      "jaw": "upper",
      "precision": 0.4647887323943662,
      "recall": 0.9705882352941176,
      "f1": 0.6285714285714286,
      "accuracy": 0.8607142857142858,
      "support": 34
    },
    "Lower_32": {
      "position": 9,
      "fdi": 32,
      "jaw": "lower",
      "precision": 0.4909090909090909,
      "recall": 0.7714285714285715,
      "f1": 0.6,
      "accuracy": 0.8686131386861314,
      "support": 35
    },
    "Upper_23": {
      "position": 10,
      "fdi": 23,
      "jaw": "upper",
      "precision": 0.4861111111111111,
      "recall": 0.8333333333333334,
      "f1": 0.6140350877192983,
      "accuracy": 0.8428571428571429,
      "support": 42
    },
    "Lower_33": {
      "position": 10,
      "fdi": 33,
      "jaw": "lower",
      "precision": 0.5333333333333333,
      "recall": 0.5714285714285714,
      "f1": 0.5517241379310345,
      "accuracy": 0.9051094890510949,
      "support": 28
    },
    "Upper_24": {
      "position": 11,
      "fdi": 24,
      "jaw": "upper",
      "precision": 0.59375,
      "recall": 0.5757575757575758,
      "f1": 0.5846153846153846,
      "accuracy": 0.9035714285714286,
      "support": 33
    },
    "Lower_34": {
      "position": 11,
      "fdi": 34,
      "jaw": "lower",
      "precision": 0.5,
      "recall": 0.8076923076923077,
      "f1": 0.6176470588235294,
      "accuracy": 0.9051094890510949,
      "support": 26
    },
    "Upper_25": {
      "position": 12,
      "fdi": 25,
      "jaw": "upper",
      "precision": 0.6,
      "recall": 0.7272727272727273,
      "f1": 0.6575342465753424,
      "accuracy": 0.9107142857142857,
      "support": 33
    },
    "Lower_35": {
      "position": 12,
      "fdi": 35,
      "jaw": "lower",
      "precision": 0.7096774193548387,
      "recall": 0.7333333333333333,
      "f1": 0.7213114754098361,
      "accuracy": 0.9379562043795621,
      "support": 30
    },
    "Upper_26": {
      "position": 13,
      "fdi": 26,
      "jaw": "upper",
      "precision": 0.9130434782608695,
      "recall": 0.84,
      "f1": 0.875,
      "accuracy": 0.9785714285714285,
      "support": 25
    },
    "Lower_36": {
      "position": 13,
      "fdi": 36,
      "jaw": "lower",
      "precision": 0.6842105263157895,
      "recall": 0.6842105263157895,
      "f1": 0.6842105263157895,