{
  "macro_metrics": {
    "macro_precision": 0.6213182471264367,
    "macro_recall": 0.6383321360153257,
    "macro_f1": 0.6266688407441017,
    "macro_accuracy": 0.9911623958011732
  },
  "per_tooth_metrics": {
    "11": {
      "precision": 1.0,
      "recall": 1.0,
      "f1": 1.0,
      "accuracy": 1.0,
      "support": 1
    },
    "12": {
      "precision": 1.0,
      "recall": 1.0,
      "f1": 1.0,
      "accuracy": 1.0,
      "support": 21
    },
    "13": {
      "precision": 1.0,
      "recall": 0.7777777777777778,
      "f1": 0.875,
      "accuracy": 0.9512195121951219,
      "support": 9
    },
    "14": {
      "precision": 1.0,
      "recall": 1.0,
      "f1": 1.0,
      "accuracy": 1.0,
      "support": 6
    },
    "15": {
      "precision": 0.0,
      "recall": 0.0,
      "f1": 0.0,
      "accuracy": 0.9512195121951219,
      "support": 2
    },
    "16": {
      "precision": 1.0,
      "recall": 1.0,
      "f1": 1.0,
      "accuracy": 1.0,
      "support": 1
    },
    "17": {
      "precision": 1.0,
      "recall": 1.0,
      "f1": 1.0,
      "accuracy": 1.0,
      "support": 9
    },
    "18": {
      "precision": 0.9655172413793104,
      "recall": 0.9655172413793104,
      "f1": 0.9655172413793104,
      "accuracy": 0.9512195121951219,
      "support": 29
    },
    "21": {
      "precision": 1.0,
      "recall": 1.0,
      "f1": 1.0,
      "accuracy": 1.0,
      "support": 1
    },
    "22": {
      "precision": 1.0,
      "recall": 1.0,
      "f1": 1.0,
      "accuracy": 1.0,
      "support": 20
    },
    "23": {
      "precision": 1.0,
      "recall": 1.0,
      "f1": 1.0,
      "accuracy": 1.0,
      "support": 22
    },
    "24": {
      "precision": 1.0,
      "recall": 1.0,
      "f1": 1.0,
      "accuracy": 1.0,
      "support": 1
    },
    "25": {
      "precision": 1.0,
      "recall": 1.0,
      "f1": 1.0,
      "accuracy": 1.0,
      "support": 9
    },
    "26": {
      "precision": 0.0,
      "recall": 0.0,
      "f1": 0.0,
      "accuracy": 1.0,
      "support": 0
    },
    "27": {
      "precision": 0.9,
      "recall": 1.0,
      "f1": 0.9473684210526315,
      "accuracy": 0.975609756097561,
      "support": 9
    },
    "28": {
      "precision": 1.0,
      "recall": 0.9333333333333333,
      "f1": 0.9655172413793104,
      "accuracy": 0.9512195121951219,
      "support": 30
    },
    "31": {
      "precision": 1.0,
      "recall": 1.0,
      "f1": 1.0,
      "accuracy": 1.0,
      "support": 26
    },
    "32": {
      "precision": 0.0,
      "recall": 0.0,
      "f1": 0.0,
      "accuracy": 1.0,
      "support": 0
    },
    "33": {
      "precision": 0.0,
      "recall": 0.0,
      "f1": 0.0,
      "accuracy": 1.0,
      "support": 0
    },
    "34": {
      "precision": 0.0,
      "recall": 0.0,
      "f1": 0.0,
      "accuracy": 1.0,
      "support": 0
    },
    "35": {
      "precision": 1.0,
      "recall": 1.0,
      "f1": 1.0,
      "accuracy": 1.0,
      "support": 10
    },
    "36": {
      "precision": 1.0,
      "recall": 1.0,
      "f1": 1.0,
      "accuracy": 1.0,
      "support": 13
    },
    "37": {
      "precision": 0.0,
      "recall": 0.0,
      "f1": 0.0,
      "accuracy": 1.0,
      "support": 0
    },
    "38": {
      "precision": 0.75,
      "recall": 0.75,
      "f1": 0.75,
      "accuracy": 0.9746835443037974,
      "support": 4
    },
    "41": {
      "precision": 1.0,
      "recall": 1.0,
      "f1": 1.0,
      "accuracy": 1.0,
      "support": 25
    },
    "42": {
      "precision": 0.6666666666666666,
      "recall": 1.0,
      "f1": 0.8,
      "accuracy": 0.9873417721518988,
      "support": 2
    },
    "43": {
      "precision": 0.0,
      "recall": 0.0,
      "f1": 0.0,
      "accuracy": 1.0,
      "support": 0
    },
    "44": {
      "precision": 0.0,
      "recall": 0.0,
      "f1": 0.0,
      "accuracy": 1.0,
      "support": 0
    },
    "45": {
      "precision": 0.0,
      "recall": 0.0,
      "f1": 0.0,
      "accuracy": 1.0,
      "support": 0
    },
    "46": {
      "precision": 0.0,
      "recall": 0.0,
      "f1": 0.0,
      "accuracy": 1.0,
      "support": 0
    },
    "47": {
      "precision": 0.0,
      "recall": 0.0,
      "f1": 0.0,
      "accuracy": 1.0,
      "support": 0
    },
    "48": {
      "precision": 0.6,
      "recall": 1.0,
      "f1": 0.75,
      "accuracy": 0.9746835443037974,
      "support": 3
    }
  },
  "jaw_metrics": {
    "accuracy": 0.9916666666666667,
    "precision": 0.9875,
    "recall": 1.0,
    "f1": 0.9937106918238994
  },
  "missing_counts_per_position": [
    150,
    42,
    3,
    7,
    36,
    40,
    108,
    100,
    100,
    100,
    137,
    4,
    116,
    100,
    44,
    150
  ]
}