{
  "micro_metrics": {
    "micro_precision": 0.9394568311195446,
    "micro_recall": 0.9394568311195446,
    "micro_f1": 0.9394568311195446,
    "micro_accuracy": 0.9394568311195446
  },
  "macro_metrics": {
    "macro_precision": 0.9849701156713211,
    "macro_recall": 0.9120221290333782,
    "macro_f1": 0.9464878281072426,
    "macro_accuracy": 0.9394568311195446
  },
  "per_tooth_metrics": {
    "11": {
      "precision": 0.9962121212121212,
      "recall": 0.9163763066202091,
      "f1": 0.9546279491833031,
      "accuracy": 0.952561669829222,
      "support": 287
    },
    "12": {
      "precision": 0.9962121212121212,
      "recall": 0.8915254237288136,
      "f1": 0.9409660107334525,
      "accuracy": 0.937381404174573,
      "support": 295
    },
    "13": {
      "precision": 0.9962121212121212,
      "recall": 0.8795986622073578,
      "f1": 0.9342806394316163,
      "accuracy": 0.9297912713472486,
      "support": 299
    },
    "14": {
      "precision": 0.9962121212121212,
      "recall": 0.8945578231292517,
      "f1": 0.942652329749104,
      "accuracy": 0.9392789373814042,
      "support": 294
    },
    "15": {
      "precision": 0.9962121212121212,
      "recall": 0.9195804195804196,
      "f1": 0.9563636363636364,
      "accuracy": 0.9544592030360531,
      "support": 286
    },
    "16": {
      "precision": 0.9962121212121212,
      "recall": 0.9195804195804196,
      "f1": 0.9563636363636364,
      "accuracy": 0.9544592030360531,
      "support": 286
    },
    "17": {
      "precision": 0.9425981873111783,
      "recall": 0.899135446685879,
      "f1": 0.9203539823008849,
      "accuracy": 0.8975332068311196,
      "support": 347
    },
    "18": {
      "precision": 0.9563567362428842,
      "recall": 1.0,
      "f1": 0.9776915615906887,
      "accuracy": 0.9563567362428842,
      "support": 504
    },
    "21": {
      "precision": 0.9962121212121212,
      "recall": 0.9163763066202091,
      "f1": 0.9546279491833031,
      "accuracy": 0.952561669829222,
      "support": 287
    },
    "22": {
      "precision": 0.9962121212121212,
      "recall": 0.8737541528239202,
      "f1": 0.9309734513274336,
      "accuracy": 0.9259962049335864,
      "support": 301
    },
    "23": {
      "precision": 0.9962121212121212,
      "recall": 0.8708609271523179,
      "f1": 0.9293286219081273,
      "accuracy": 0.9240986717267552,
      "support": 302
    },
    "24": {
      "precision": 0.9962121212121212,
      "recall": 0.9006849315068494,
      "f1": 0.9460431654676259,
      "accuracy": 0.9430740037950665,
      "support": 292
    },
    "25": {
      "precision": 0.9962121212121212,
      "recall": 0.8976109215017065,
      "f1": 0.9443447037701975,
      "accuracy": 0.9411764705882353,
      "support": 293
    },
    "26": {
      "precision": 0.9962121212121212,
      "recall": 0.9163763066202091,
      "f1": 0.9546279491833031,
      "accuracy": 0.952561669829222,
      "support": 287
    },
    "27": {
      "precision": 0.96,
      "recall": 0.9313432835820895,
      "f1": 0.9454545454545454,
      "accuracy": 0.9316888045540797,
      "support": 335
    },
    "28": {
      "precision": 0.9544592030360531,
      "recall": 1.0,
      "f1": 0.9766990291262136,
      "accuracy": 0.9544592030360531,
      "support": 503
    },
    "31": {
      "precision": 0.9923954372623575,
      "recall": 0.9125874125874126,
      "f1": 0.9508196721311475,
      "accuracy": 0.9487666034155597,
      "support": 286
    },
    "32": {
      "precision": 0.9923954372623575,
      "recall": 0.903114186851211,
      "f1": 0.9456521739130435,
      "accuracy": 0.9430740037950665,
      "support": 289
    },
    "33": {
      "precision": 0.9923954372623575,
      "recall": 0.9,
      "f1": 0.9439421338155516,
      "accuracy": 0.9411764705882353,
      "support": 290
    },
    "34": {
      "precision": 0.9923954372623575,
      "recall": 0.903114186851211,
      "f1": 0.9456521739130435,
      "accuracy": 0.9430740037950665,
      "support": 289
    },
    "35": {
      "precision": 0.9923954372623575,
      "recall": 0.9094076655052264,
      "f1": 0.9490909090909091,
      "accuracy": 0.9468690702087287,
      "support": 287
    },
    "36": {
      "precision": 0.9961977186311787,
      "recall": 0.8851351351351351,
      "f1": 0.9373881932021467,
      "accuracy": 0.9335863377609108,
      "support": 296
    },
    "37": {
      "precision": 0.9665551839464883,
      "recall": 0.8678678678678678,
      "f1": 0.9145569620253164,
      "accuracy": 0.8975332068311196,
      "support": 333
    },
    "38": {
      "precision": 0.969639468690702,
      "recall": 1.0,
      "f1": 0.9845857418111753,
      "accuracy": 0.969639468690702,
      "support": 511
    },
    "41": {
      "precision": 0.9923954372623575,
      "recall": 0.9,
      "f1": 0.9439421338155516,
      "accuracy": 0.9411764705882353,
      "support": 290
    },
    "42": {
      "precision": 0.9923954372623575,
      "recall": 0.9190140845070423,
      "f1": 0.9542961608775137,
      "accuracy": 0.952561669829222,
      "support": 284
    },
    "43": {
      "precision": 0.9923954372623575,
      "recall": 0.8847457627118644,
      "f1": 0.9354838709677419,
      "accuracy": 0.9316888045540797,
      "support": 295
    },
    "44": {
      "precision": 0.9923954372623575,
      "recall": 0.90625,
      "f1": 0.9473684210526315,
      "accuracy": 0.9449715370018975,
      "support": 288
    },
    "45": {
      "precision": 0.9923954372623575,
      "recall": 0.8758389261744967,
      "f1": 0.93048128342246,
      "accuracy": 0.9259962049335864,
      "support": 298
    },
    "46": {
      "precision": 0.9923954372623575,
      "recall": 0.9190140845070423,
      "f1": 0.9542961608775137,
      "accuracy": 0.952561669829222,
      "support": 284
    },
    "47": {
      "precision": 0.9478827361563518,
      "recall": 0.8712574850299402,
      "f1": 0.9079563182527302,
      "accuracy": 0.888045540796964,
      "support": 334
    },
    "48": {
      "precision": 0.9544592030360531,
      "recall": 1.0,
      "f1": 0.9766990291262136,
      "accuracy": 0.9544592030360531,
      "support": 503
    }
  },
  "training_config": {
    "loss_function": "Dynamit_Loss",
    "learning_rate": 0.0005,
    "weight_decay": 0.05,
    "dropout_rate": 0.5,
    "batch_size": 32,
    "early_stopping_patience": 10,
    "min_delta": 0.001
  }
}