{
  "macro_metrics": {
    "macro_precision": 0.9935948636913191,
    "macro_recall": 0.9810461773185104,
    "macro_f1": 0.9872327585835063,
    "macro_accuracy": 0.9854166666666667
  },
  "per_tooth_metrics": {
    "11": {
      "precision": 1.0,
      "recall": 0.9942528735632183,
      "f1": 0.9971181556195965,
      "accuracy": 0.9972222222222222,
      "support": 174
    },
    "12": {
      "precision": 1.0,
      "recall": 0.9611111111111111,
      "f1": 0.9801699716713881,
      "accuracy": 0.9805555555555555,
      "support": 180
    },
    "13": {
      "precision": 0.9835164835164835,
      "recall": 0.9521276595744681,
      "f1": 0.9675675675675676,
      "accuracy": 0.9666666666666667,
      "support": 188
    },
    "14": {
      "precision": 1.0,
      "recall": 0.9611111111111111,
      "f1": 0.9801699716713881,
      "accuracy": 0.9805555555555555,
      "support": 180
    },
    "15": {
      "precision": 0.9886363636363636,
      "recall": 0.9886363636363636,
      "f1": 0.9886363636363636,
      "accuracy": 0.9888888888888889,
      "support": 176
    },
    "16": {
      "precision": 1.0,
      "recall": 0.9774011299435028,
      "f1": 0.9885714285714285,
      "accuracy": 0.9888888888888889,
      "support": 177
    },
    "17": {
      "precision": 0.9691629955947136,
      "recall": 0.944206008583691,
      "f1": 0.9565217391304348,
      "accuracy": 0.9444444444444444,
      "support": 233
    },
    "18": {
      "precision": 0.9943019943019943,
      "recall": 0.9971428571428571,
      "f1": 0.9957203994293866,
      "accuracy": 0.9916666666666667,
      "support": 350
    },
    "21": {
      "precision": 1.0,
      "recall": 0.9942528735632183,
      "f1": 0.9971181556195965,
      "accuracy": 0.9972222222222222,
      "support": 174
    },
    "22": {
      "precision": 1.0,
      "recall": 0.9942528735632183,
      "f1": 0.9971181556195965,
      "accuracy": 0.9972222222222222,
      "support": 174
    },
    "23": {
      "precision": 0.9722222222222222,
      "recall": 0.9408602150537635,
      "f1": 0.9562841530054644,
      "accuracy": 0.9555555555555556,
      "support": 186
    },
    "24": {
      "precision": 1.0,
      "recall": 0.9719101123595506,
      "f1": 0.9857549857549858,
      "accuracy": 0.9861111111111112,
      "support": 178
    },
    "25": {
      "precision": 0.9775280898876404,
      "recall": 0.9830508474576272,
      "f1": 0.9802816901408451,
      "accuracy": 0.9805555555555555,
      "support": 177
    },
    "26": {
      "precision": 1.0,
      "recall": 0.9942857142857143,
      "f1": 0.997134670487106,
      "accuracy": 0.9972222222222222,
      "support": 175
    },
    "27": {
      "precision": 0.961038961038961,
      "recall": 0.9694323144104804,
      "f1": 0.9652173913043478,
      "accuracy": 0.9555555555555556,
      "support": 229
    },
    "28": {
      "precision": 0.9915014164305949,
      "recall": 0.9943181818181818,
      "f1": 0.9929078014184397,
      "accuracy": 0.9861111111111112,
      "support": 352
    },
    "31": {
      "precision": 1.0,
      "recall": 0.9946808510638298,
      "f1": 0.9973333333333333,
      "accuracy": 0.9972222222222222,
      "support": 188
    },
    "32": {
      "precision": 1.0,
      "recall": 1.0,
      "f1": 1.0,
      "accuracy": 1.0,
      "support": 187
    },
    "33": {
      "precision": 1.0,
      "recall": 0.9739583333333334,
      "f1": 0.9868073878627969,
      "accuracy": 0.9861111111111112,
      "support": 192
    },
    "34": {
      "precision": 1.0,
      "recall": 0.9790575916230366,
      "f1": 0.9894179894179894,
      "accuracy": 0.9888888888888889,
      "support": 191
    },
    "35": {
      "precision": 1.0,
      "recall": 0.9947089947089947,
      "f1": 0.9973474801061007,
      "accuracy": 0.9972222222222222,
      "support": 189
    },
    "36": {
      "precision": 1.0,
      "recall": 0.9947089947089947,
      "f1": 0.9973474801061007,
      "accuracy": 0.9972222222222222,
      "support": 189
    },
    "37": {
      "precision": 0.9864864864864865,
      "recall": 0.9605263157894737,
      "f1": 0.9733333333333334,
      "accuracy": 0.9666666666666667,
      "support": 228
    },
    "38": {
      "precision": 0.9971671388101983,
      "recall": 0.9943502824858758,
      "f1": 0.9957567185289957,
      "accuracy": 0.9916666666666667,
      "support": 354
    },
    "41": {
      "precision": 1.0,
      "recall": 1.0,
      "f1": 1.0,
      "accuracy": 1.0,
      "support": 187
    },
    "42": {
      "precision": 1.0,
      "recall": 0.9946808510638298,
      "f1": 0.9973333333333333,
      "accuracy": 0.9972222222222222,
      "support": 188
    },
    "43": {
      "precision": 1.0,
      "recall": 0.9689119170984456,
      "f1": 0.9842105263157894,
      "accuracy": 0.9833333333333333,
      "support": 193
    },
    "44": {
      "precision": 1.0,
      "recall": 0.9894179894179894,
      "f1": 0.9946808510638298,
      "accuracy": 0.9944444444444445,
      "support": 189
    },
    "45": {
      "precision": 1.0,
      "recall": 0.9842931937172775,
      "f1": 0.9920844327176781,
      "accuracy": 0.9916666666666667,
      "support": 191
    },
    "46": {
      "precision": 1.0,
      "recall": 0.9842105263157894,
      "f1": 0.9920424403183024,
      "accuracy": 0.9916666666666667,
      "support": 190
    },
    "47": {
      "precision": 0.9819004524886877,
      "recall": 0.9644444444444444,
      "f1": 0.9730941704035875,
      "accuracy": 0.9666666666666667,
      "support": 225
    },
    "48": {
      "precision": 0.9915730337078652,
      "recall": 0.9971751412429378,
      "f1": 0.9943661971830986,
      "accuracy": 0.9888888888888889,
      "support": 354
    }
  }
}