{
  "strategy": "max_f1",
  "min_precision": 0.2,
  "calibration_ratio": 0.2,
  "thresholds_fdi": {
    "upper": {
      "18": 0.8384700417518616,
      "17": 0.5056928992271423,
      "16": 0.05676335096359253,
      "15": 0.2945694327354431,
      "14": 0.18226011097431183,
      "13": 0.5,
      "12": 0.03092137724161148,
      "11": 0.011424989439547062,
      "21": 0.5,
      "22": 0.5,
      "23": 0.5,
      "24": 0.5,
      "25": 0.3101211488246918,
      "26": 0.052460089325904846,
      "27": 0.5583267211914062,
      "28": 0.8553981184959412
    },
    "lower": {
      "48": 0.7566159963607788,
      "47": 0.9036974906921387,
      "46": 0.34575989842414856,
      "45": 0.6019691228866577,
      "44": 0.5,
      "43": 0.5,
      "42": 0.5,
      "41": 0.5,
      "31": 0.5,
      "32": 0.5,
      "33": 0.5,
      "34": 0.5,
      "35": 0.5297508239746094,
      "36": 0.3544088304042816,
      "37": 0.9124715924263,
      "38": 0.7241315841674805
    }
  }
}