{
  "overall_precision": 0.3735611063853922,
  "overall_recall": 0.461398406793206,
  "overall_f1": 0.40341357766050967,
  "overall_accuracy": 0.963984674329502,
  "jaw_accuracy": 0.9944444444444445
}