{
  "macro_metrics": {
    "macro_precision": 0.9763870315879319,
    "macro_recall": 0.9427006484584046,
    "macro_f1": 0.9585204213056842,
    "macro_accuracy": 0.9482615894039736
  },
  "per_tooth_metrics": {
    "11": {
      "precision": 0.9704797047970479,
      "recall": 0.9131944444444444,
      "f1": 0.9409660107334525,
      "accuracy": 0.9271523178807947,
      "support": 288
    },
    "12": {
      "precision": 0.9787985865724381,
      "recall": 0.9486301369863014,
      "f1": 0.9634782608695652,
      "accuracy": 0.9536423841059603,
      "support": 292
    },
    "13": {
      "precision": 0.9553264604810997,
      "recall": 0.9084967320261438,
      "f1": 0.931323283082077,
      "accuracy": 0.9094922737306843,
      "support": 306
    },
    "14": {
      "precision": 0.9859649122807017,
      "recall": 0.939799331103679,
      "f1": 0.9623287671232876,
      "accuracy": 0.9514348785871964,
      "support": 299
    },
    "15": {
      "precision": 0.9385665529010239,
      "recall": 0.935374149659864,
      "f1": 0.9369676320272572,
      "accuracy": 0.9183222958057395,
      "support": 294
    },
    "16": {
      "precision": 0.9896551724137931,
      "recall": 0.9828767123287672,
      "f1": 0.9862542955326461,
      "accuracy": 0.9823399558498896,
      "support": 292
    },
    "17": {
      "precision": 0.9595015576323987,
      "recall": 0.9777777777777777,
      "f1": 0.9685534591194969,
      "accuracy": 0.9558498896247241,
      "support": 315
    },
    "18": {
      "precision": 0.9977528089887641,
      "recall": 0.9977528089887641,
      "f1": 0.9977528089887641,
      "accuracy": 0.9955849889624724,
      "support": 445
    },
    "21": {
      "precision": 0.9895833333333334,
      "recall": 0.976027397260274,
      "f1": 0.9827586206896551,
      "accuracy": 0.977924944812362,
      "support": 292
    },
    "22": {
      "precision": 0.9390681003584229,
      "recall": 0.888135593220339,
      "f1": 0.9128919860627178,
      "accuracy": 0.8896247240618101,
      "support": 295
    },
    "23": {
      "precision": 0.9423076923076923,
      "recall": 0.9865771812080537,
      "f1": 0.9639344262295082,
      "accuracy": 0.9514348785871964,
      "support": 298
    },
    "24": {
      "precision": 0.9864864864864865,
      "recall": 0.9733333333333334,
      "f1": 0.9798657718120806,
      "accuracy": 0.9735099337748344,
      "support": 300
    },
    "25": {
      "precision": 0.9829351535836177,
      "recall": 0.9473684210526315,
      "f1": 0.964824120603015,
      "accuracy": 0.9536423841059603,
      "support": 304
    },
    "26": {
      "precision": 0.9867109634551495,
      "recall": 0.9769736842105263,
      "f1": 0.9818181818181818,
      "accuracy": 0.9757174392935982,
      "support": 304
    },
    "27": {
      "precision": 0.9968454258675079,
      "recall": 0.9753086419753086,
      "f1": 0.9859594383775351,
      "accuracy": 0.9801324503311258,
      "support": 324
    },
    "28": {
      "precision": 0.9932885906040269,
      "recall": 0.9932885906040269,
      "f1": 0.9932885906040269,
      "accuracy": 0.9867549668874173,
      "support": 447
    },
    "31": {
      "precision": 0.9834710743801653,
      "recall": 0.8439716312056738,
      "f1": 0.9083969465648855,
      "accuracy": 0.8940397350993378,
      "support": 282
    },
    "32": {
      "precision": 0.9830508474576272,
      "recall": 0.8140350877192982,
      "f1": 0.8905950095969289,
      "accuracy": 0.8741721854304636,
      "support": 285
    },
    "33": {
      "precision": 0.9694656488549618,
      "recall": 0.8698630136986302,
      "f1": 0.9169675090252708,
      "accuracy": 0.8984547461368654,
      "support": 292
    },
    "34": {
      "precision": 0.9781818181818182,
      "recall": 0.9307958477508651,
      "f1": 0.9539007092198581,
      "accuracy": 0.9426048565121413,
      "support": 289
    },
    "35": {
      "precision": 0.967741935483871,
      "recall": 0.9540636042402827,
      "f1": 0.9608540925266904,
      "accuracy": 0.9514348785871964,
      "support": 283
    },
    "36": {
      "precision": 0.9890909090909091,
      "recall": 0.974910394265233,
      "f1": 0.9819494584837545,
      "accuracy": 0.977924944812362,
      "support": 279
    },
    "37": {
      "precision": 0.9758620689655172,
      "recall": 0.956081081081081,
      "f1": 0.9658703071672355,
      "accuracy": 0.9558498896247241,
      "support": 296
    },
    "38": {
      "precision": 0.9977628635346756,
      "recall": 0.9977628635346756,
      "f1": 0.9977628635346756,
      "accuracy": 0.9955849889624724,
      "support": 447
    },
    "41": {
      "precision": 0.9705882352941176,
      "recall": 0.8339350180505415,
      "f1": 0.8970873786407767,
      "accuracy": 0.8830022075055187,
      "support": 277
    },
    "42": {
      "precision": 0.9872881355932204,
      "recall": 0.8351254480286738,
      "f1": 0.9048543689320389,
      "accuracy": 0.891832229580574,
      "support": 279
    },
    "43": {
      "precision": 0.9632352941176471,
      "recall": 0.9776119402985075,
      "f1": 0.9703703703703703,
      "accuracy": 0.9646799116997793,
      "support": 268
    },
    "44": {
      "precision": 0.982078853046595,
      "recall": 0.9681978798586572,
      "f1": 0.9750889679715302,
      "accuracy": 0.9690949227373068,
      "support": 283
    },
    "45": {
      "precision": 0.9755244755244755,
      "recall": 0.9489795918367347,
      "f1": 0.9620689655172414,
      "accuracy": 0.9514348785871964,
      "support": 294
    },
    "46": {
      "precision": 0.9655172413793104,
      "recall": 0.9790209790209791,
      "f1": 0.9722222222222222,
      "accuracy": 0.9646799116997793,
      "support": 286
    },
    "47": {
      "precision": 0.9689655172413794,
      "recall": 0.9656357388316151,
      "f1": 0.9672977624784854,
      "accuracy": 0.9580573951434879,
      "support": 291
    },
    "48": {
      "precision": 0.9932885906040269,
      "recall": 0.9955156950672646,
      "f1": 0.9944008958566629,
      "accuracy": 0.9889624724061811,
      "support": 446
    }
  }
}