{
  "strategy": "max_f1",
  "min_precision": 0.2,
  "calibration_ratio": 0.2,
  "thresholds_fdi": {
    "upper": {
      "18": 0.9331070780754089,
      "17": 0.7266320586204529,
      "16": 0.6180146932601929,
      "15": 0.8413166999816895,
      "14": 0.32958877086639404,
      "13": 0.5,
      "12": 0.04016595706343651,
      "11": 0.05271930620074272,
      "21": 0.5,
      "22": 0.5,
      "23": 0.5,
      "24": 0.5,
      "25": 0.8923382759094238,
      "26": 0.6488964557647705,
      "27": 0.7901841402053833,
      "28": 0.9426144957542419
    },
    "lower": {
      "48": 0.9466463923454285,
      "47": 0.8304280042648315,
      "46": 0.6495279669761658,
      "45": 0.706649661064148,
      "44": 0.5,
      "43": 0.5,
      "42": 0.5,
      "41": 0.5,
      "31": 0.5,
      "32": 0.5,
      "33": 0.5,
      "34": 0.5,
      "35": 0.7440056800842285,
      "36": 0.568881094455719,
      "37": 0.6420779228210449,
      "38": 0.9402167201042175
    }
  }
}