{
  "strategy": "max_f1",
  "min_precision": 0.2,
  "calibration_ratio": 0.2,
  "thresholds_fdi": {
    "upper": {
      "18": 0.703423798084259,
      "17": 0.30452340841293335,
      "16": 0.05698571354150772,
      "15": 0.0868435949087143,
      "14": 0.05917118489742279,
      "13": 0.5,
      "12": 0.08826825022697449,
      "11": 0.08459040522575378,
      "21": 0.5,
      "22": 0.5,
      "23": 0.5,
      "24": 0.5,
      "25": 0.14239078760147095,
      "26": 0.12610596418380737,
      "27": 0.6414263248443604,
      "28": 0.7430636286735535
    },
    "lower": {
      "48": 0.6791743040084839,
      "47": 0.5836374163627625,
      "46": 0.11316624283790588,
      "45": 0.2223244607448578,
      "44": 0.5,
      "43": 0.5,
      "42": 0.5,
      "41": 0.5,
      "31": 0.5,
      "32": 0.5,
      "33": 0.5,
      "34": 0.5,
      "35": 0.18709740042686462,
      "36": 0.3892955780029297,
      "37": 0.6829814910888672,
      "38": 0.6664515137672424
    }
  }
}