{
  "micro_metrics": {
    "micro_precision": 0.9764756944444445,
    "micro_recall": 0.9764756944444445,
    "micro_f1": 0.9764756944444445,
    "micro_accuracy": 0.9764756944444445
  },
  "macro_metrics": {
    "macro_precision": 0.9835546317935437,
    "macro_recall": 0.9768158448858915,
    "macro_f1": 0.9798502986581575,
    "macro_accuracy": 0.9764756944444445
  },
  "per_tooth_metrics": {
    "11": {
      "precision": 1.0,
      "recall": 0.987012987012987,
      "f1": 0.9934640522875817,
      "accuracy": 0.9944444444444445,
      "support": 154
    },
    "12": {
      "precision": 1.0,
      "recall": 0.9681528662420382,
      "f1": 0.9838187702265372,
      "accuracy": 0.9861111111111112,
      "support": 157
    },
    "13": {
      "precision": 1.0,
      "recall": 0.8888888888888888,
      "f1": 0.9411764705882353,
      "accuracy": 0.9472222222222222,
      "support": 171
    },
    "14": {
      "precision": 1.0,
      "recall": 0.9743589743589743,
      "f1": 0.987012987012987,
      "accuracy": 0.9888888888888889,
      "support": 156
    },
    "15": {
      "precision": 1.0,
      "recall": 0.9681528662420382,
      "f1": 0.9838187702265372,
      "accuracy": 0.9861111111111112,
      "support": 157
    },
    "16": {
      "precision": 1.0,
      "recall": 0.9559748427672956,
      "f1": 0.977491961414791,
      "accuracy": 0.9805555555555555,
      "support": 159
    },
    "17": {
      "precision": 0.9372197309417041,
      "recall": 0.9587155963302753,
      "f1": 0.9478458049886621,
      "accuracy": 0.9361111111111111,
      "support": 218
    },
    "18": {
      "precision": 0.9722222222222222,
      "recall": 1.0,
      "f1": 0.9859154929577465,
      "accuracy": 0.9722222222222222,
      "support": 350
    },
    "21": {
      "precision": 1.0,
      "recall": 0.987012987012987,
      "f1": 0.9934640522875817,
      "accuracy": 0.9944444444444445,
      "support": 154
    },
    "22": {
      "precision": 1.0,
      "recall": 0.987012987012987,
      "f1": 0.9934640522875817,
      "accuracy": 0.9944444444444445,
      "support": 154
    },
    "23": {
      "precision": 1.0,
      "recall": 0.9047619047619048,
      "f1": 0.95,
      "accuracy": 0.9555555555555556,
      "support": 168
    },
    "24": {
      "precision": 1.0,
      "recall": 0.9743589743589743,
      "f1": 0.987012987012987,
      "accuracy": 0.9888888888888889,
      "support": 156
    },
    "25": {
      "precision": 1.0,
      "recall": 0.9620253164556962,
      "f1": 0.9806451612903225,
      "accuracy": 0.9833333333333333,
      "support": 158
    },
    "26": {
      "precision": 1.0,
      "recall": 0.9743589743589743,
      "f1": 0.987012987012987,
      "accuracy": 0.9888888888888889,
      "support": 156
    },
    "27": {
      "precision": 0.9140271493212669,
      "recall": 0.9528301886792453,
      "f1": 0.9330254041570438,
      "accuracy": 0.9194444444444444,
      "support": 212
    },
    "28": {
      "precision": 0.975,
      "recall": 1.0,
      "f1": 0.9873417721518988,
      "accuracy": 0.975,
      "support": 351
    },
    "31": {
      "precision": 0.9903846153846154,
      "recall": 1.0,
      "f1": 0.9951690821256038,
      "accuracy": 0.9944444444444445,
      "support": 206
    },
    "32": {
      "precision": 0.9903846153846154,
      "recall": 1.0,
      "f1": 0.9951690821256038,
      "accuracy": 0.9944444444444445,
      "support": 206
    },
    "33": {
      "precision": 0.9856459330143541,
      "recall": 0.976303317535545,
      "f1": 0.9809523809523809,
      "accuracy": 0.9777777777777777,
      "support": 211
    },
    "34": {
      "precision": 0.9856459330143541,
      "recall": 0.9856459330143541,
      "f1": 0.9856459330143541,
      "accuracy": 0.9833333333333333,
      "support": 209
    },
    "35": {
      "precision": 0.9904306220095693,
      "recall": 0.981042654028436,
      "f1": 0.9857142857142858,
      "accuracy": 0.9833333333333333,
      "support": 211
    },
    "36": {
      "precision": 0.9903846153846154,
      "recall": 0.9671361502347418,
      "f1": 0.9786223277909739,
      "accuracy": 0.975,
      "support": 213
    },
    "37": {
      "precision": 0.9409448818897638,
      "recall": 0.987603305785124,
      "f1": 0.9637096774193549,
      "accuracy": 0.95,
      "support": 242
    },
    "38": {
      "precision": 0.9722222222222222,
      "recall": 1.0,
      "f1": 0.9859154929577465,
      "accuracy": 0.9722222222222222,
      "support": 350
    },
    "41": {
      "precision": 0.9903846153846154,
      "recall": 1.0,
      "f1": 0.9951690821256038,
      "accuracy": 0.9944444444444445,
      "support": 206
    },
    "42": {
      "precision": 0.9903846153846154,
      "recall": 1.0,
      "f1": 0.9951690821256038,
      "accuracy": 0.9944444444444445,
      "support": 206
    },
    "43": {
      "precision": 0.9903846153846154,
      "recall": 0.9809523809523809,
      "f1": 0.9856459330143541,
      "accuracy": 0.9833333333333333,
      "support": 210
    },
    "44": {
      "precision": 0.9903846153846154,
      "recall": 0.9856459330143541,
      "f1": 0.988009592326139,
      "accuracy": 0.9861111111111112,
      "support": 209
    },
    "45": {
      "precision": 0.9856459330143541,
      "recall": 0.976303317535545,
      "f1": 0.9809523809523809,
      "accuracy": 0.9777777777777777,
      "support": 211
    },
    "46": {
      "precision": 0.9903846153846154,
      "recall": 0.9903846153846154,
      "f1": 0.9903846153846154,
      "accuracy": 0.9888888888888889,
      "support": 208
    },
    "47": {
      "precision": 0.9333333333333333,
      "recall": 0.9834710743801653,
      "f1": 0.9577464788732394,
      "accuracy": 0.9416666666666667,
      "support": 242
    },
    "48": {
      "precision": 0.9583333333333334,
      "recall": 1.0,
      "f1": 0.9787234042553191,
      "accuracy": 0.9583333333333334,
      "support": 345
    }
  },
  "training_config": {
    "learning_rate": 0.0005,
    "weight_decay": 0.05,
    "label_smoothing": 0.1,
    "dropout_rate": 0.5,
    "batch_size": 16,
    "early_stopping_patience": 10,
    "min_delta": 0.001
  }
}