{
  "micro_metrics": {
    "micro_precision": 0.9723090277777777,
    "micro_recall": 0.9723090277777777,
    "micro_f1": 0.9723090277777777,
    "micro_accuracy": 0.9723090277777777
  },
  "macro_metrics": {
    "macro_precision": 0.9821244843491848,
    "macro_recall": 0.9715815151016347,
    "macro_f1": 0.9766775257890695,
    "macro_accuracy": 0.9723090277777777
  },
  "per_tooth_metrics": {
    "11": {
      "precision": 0.994413407821229,
      "recall": 0.9888888888888889,
      "f1": 0.9916434540389972,
      "accuracy": 0.9916666666666667,
      "support": 180
    },
    "12": {
      "precision": 0.994413407821229,
      "recall": 0.9834254143646409,
      "f1": 0.9888888888888889,
      "accuracy": 0.9888888888888889,
      "support": 181
    },
    "13": {
      "precision": 0.994413407821229,
      "recall": 0.9518716577540107,
      "f1": 0.9726775956284153,
      "accuracy": 0.9722222222222222,
      "support": 187
    },
    "14": {
      "precision": 0.994413407821229,
      "recall": 0.9468085106382979,
      "f1": 0.9700272479564033,
      "accuracy": 0.9694444444444444,
      "support": 188
    },
    "15": {
      "precision": 0.994413407821229,
      "recall": 0.9726775956284153,
      "f1": 0.9834254143646409,
      "accuracy": 0.9833333333333333,
      "support": 183
    },
    "16": {
      "precision": 0.994413407821229,
      "recall": 0.978021978021978,
      "f1": 0.9861495844875346,
      "accuracy": 0.9861111111111112,
      "support": 182
    },
    "17": {
      "precision": 0.9372197309417041,
      "recall": 0.9126637554585153,
      "f1": 0.9247787610619469,
      "accuracy": 0.9055555555555556,
      "support": 229
    },
    "18": {
      "precision": 0.9611111111111111,
      "recall": 1.0,
      "f1": 0.9801699716713881,
      "accuracy": 0.9611111111111111,
      "support": 346
    },
    "21": {
      "precision": 0.994413407821229,
      "recall": 0.9888888888888889,
      "f1": 0.9916434540389972,
      "accuracy": 0.9916666666666667,
      "support": 180
    },
    "22": {
      "precision": 0.994413407821229,
      "recall": 0.9834254143646409,
      "f1": 0.9888888888888889,
      "accuracy": 0.9888888888888889,
      "support": 181
    },
    "23": {
      "precision": 0.994413407821229,
      "recall": 0.9368421052631579,
      "f1": 0.964769647696477,
      "accuracy": 0.9638888888888889,
      "support": 190
    },
    "24": {
      "precision": 0.994413407821229,
      "recall": 0.9726775956284153,
      "f1": 0.9834254143646409,
      "accuracy": 0.9833333333333333,
      "support": 183
    },
    "25": {
      "precision": 0.994413407821229,
      "recall": 0.956989247311828,
      "f1": 0.9753424657534246,
      "accuracy": 0.975,
      "support": 186
    },
    "26": {
      "precision": 0.994413407821229,
      "recall": 0.9726775956284153,
      "f1": 0.9834254143646409,
      "accuracy": 0.9833333333333333,
      "support": 183
    },
    "27": {
      "precision": 0.954954954954955,
      "recall": 0.9380530973451328,
      "f1": 0.9464285714285714,
      "accuracy": 0.9333333333333333,
      "support": 226
    },
    "28": {
      "precision": 0.9638888888888889,
      "recall": 1.0,
      "f1": 0.9816124469589816,
      "accuracy": 0.9638888888888889,
      "support": 347
    },
    "31": {
      "precision": 0.988950276243094,
      "recall": 0.988950276243094,
      "f1": 0.988950276243094,
      "accuracy": 0.9888888888888889,
      "support": 181
    },
    "32": {
      "precision": 0.988950276243094,
      "recall": 0.9944444444444445,
      "f1": 0.9916897506925207,
      "accuracy": 0.9916666666666667,
      "support": 180
    },
    "33": {
      "precision": 0.988950276243094,
      "recall": 0.9728260869565217,
      "f1": 0.9808219178082191,
      "accuracy": 0.9805555555555555,
      "support": 184
    },
    "34": {
      "precision": 0.988950276243094,
      "recall": 0.9675675675675676,
      "f1": 0.9781420765027322,
      "accuracy": 0.9777777777777777,
      "support": 185
    },
    "35": {
      "precision": 0.988950276243094,
      "recall": 0.9623655913978495,
      "f1": 0.9754768392370572,
      "accuracy": 0.975,
      "support": 186
    },
    "36": {
      "precision": 0.994475138121547,
      "recall": 0.972972972972973,
      "f1": 0.9836065573770492,
      "accuracy": 0.9833333333333333,
      "support": 185
    },
    "37": {
      "precision": 0.95,
      "recall": 0.9372197309417041,
      "f1": 0.9435665914221218,
      "accuracy": 0.9305555555555556,
      "support": 223
    },
    "38": {
      "precision": 0.9666666666666667,
      "recall": 1.0,
      "f1": 0.9830508474576272,
      "accuracy": 0.9666666666666667,
      "support": 348
    },
    "41": {
      "precision": 0.988950276243094,
      "recall": 0.988950276243094,
      "f1": 0.988950276243094,
      "accuracy": 0.9888888888888889,
      "support": 181
    },
    "42": {
      "precision": 0.988950276243094,
      "recall": 0.9944444444444445,
      "f1": 0.9916897506925207,
      "accuracy": 0.9916666666666667,
      "support": 180
    },
    "43": {
      "precision": 0.988950276243094,
      "recall": 0.9781420765027322,
      "f1": 0.9835164835164835,
      "accuracy": 0.9833333333333333,
      "support": 183
    },
    "44": {
      "precision": 0.988950276243094,
      "recall": 0.988950276243094,
      "f1": 0.988950276243094,
      "accuracy": 0.9888888888888889,
      "support": 181
    },
    "45": {
      "precision": 0.9835164835164835,
      "recall": 0.9470899470899471,
      "f1": 0.9649595687331537,
      "accuracy": 0.9638888888888889,
      "support": 189
    },
    "46": {
      "precision": 0.988950276243094,
      "recall": 0.9675675675675676,
      "f1": 0.9781420765027322,
      "accuracy": 0.9777777777777777,
      "support": 185
    },
    "47": {
      "precision": 0.9409090909090909,
      "recall": 0.9452054794520548,
      "f1": 0.9430523917995444,
      "accuracy": 0.9305555555555556,
      "support": 219
    },
    "48": {
      "precision": 0.9527777777777777,
      "recall": 1.0,
      "f1": 0.9758179231863442,
      "accuracy": 0.9527777777777777,
      "support": 343
    }
  },
  "training_config": {
    "learning_rate": 0.0005,
    "weight_decay": 0.05,
    "label_smoothing": 0.1,
    "dropout_rate": 0.5,
    "batch_size": 16,
    "early_stopping_patience": 10,
    "min_delta": 0.001
  }
}