{
  "micro_metrics": {
    "micro_precision": 0.8972820088300221,
    "micro_recall": 0.8972820088300221,
    "micro_f1": 0.8972820088300221,
    "micro_accuracy": 0.8972820088300221
  },
  "macro_metrics": {
    "macro_precision": 0.9969083011996244,
    "macro_recall": 0.8422165521267513,
    "macro_f1": 0.9115834828578049,
    "macro_accuracy": 0.8972820088300221
  },
  "per_tooth_metrics": {
    "11": {
      "precision": 1.0,
      "recall": 0.8203799654576857,
      "f1": 0.9013282732447818,
      "accuracy": 0.8852097130242825,
      "support": 579
    },
    "12": {
      "precision": 1.0,
      "recall": 0.8024263431542461,
      "f1": 0.8903846153846153,
      "accuracy": 0.8741721854304636,
      "support": 577
    },
    "13": {
      "precision": 0.9816700610997964,
      "recall": 0.8033333333333333,
      "f1": 0.8835930339138405,
      "accuracy": 0.8598233995584988,
      "support": 600
    },
    "14": {
      "precision": 1.0,
      "recall": 0.7805695142378559,
      "f1": 0.8767638758231421,
      "accuracy": 0.8554083885209713,
      "support": 597
    },
    "15": {
      "precision": 1.0,
      "recall": 0.8189655172413793,
      "f1": 0.9004739336492891,
      "accuracy": 0.8841059602649006,
      "support": 580
    },
    "16": {
      "precision": 0.9959100204498977,
      "recall": 0.8573943661971831,
      "f1": 0.9214758751182592,
      "accuracy": 0.9083885209713024,
      "support": 568
    },
    "17": {
      "precision": 0.9965457685664939,
      "recall": 0.9029733959311425,
      "f1": 0.9474548440065681,
      "accuracy": 0.9293598233995585,
      "support": 639
    },
    "18": {
      "precision": 0.9954493742889647,
      "recall": 0.9920634920634921,
      "f1": 0.9937535491198183,
      "accuracy": 0.9878587196467992,
      "support": 882
    },
    "21": {
      "precision": 1.0,
      "recall": 0.8779264214046822,
      "f1": 0.9349955476402493,
      "accuracy": 0.9194260485651214,
      "support": 598
    },
    "22": {
      "precision": 1.0,
      "recall": 0.8024263431542461,
      "f1": 0.8903846153846153,
      "accuracy": 0.8741721854304636,
      "support": 577
    },
    "23": {
      "precision": 0.9839357429718876,
      "recall": 0.8207705192629816,
      "f1": 0.8949771689497716,
      "accuracy": 0.8730684326710817,
      "support": 597
    },
    "24": {
      "precision": 0.9938271604938271,
      "recall": 0.8341968911917098,
      "f1": 0.9070422535211268,
      "accuracy": 0.890728476821192,
      "support": 579
    },
    "25": {
      "precision": 0.9979035639412998,
      "recall": 0.8292682926829268,
      "f1": 0.9058039961941009,
      "accuracy": 0.890728476821192,
      "support": 574
    },
    "26": {
      "precision": 0.9979381443298969,
      "recall": 0.8245315161839863,
      "f1": 0.9029850746268657,
      "accuracy": 0.8852097130242825,
      "support": 587
    },
    "27": {
      "precision": 0.9913793103448276,
      "recall": 0.9259259259259259,
      "f1": 0.9575353871773522,
      "accuracy": 0.9437086092715232,
      "support": 621
    },
    "28": {
      "precision": 0.9988649262202043,
      "recall": 0.992108229988726,
      "f1": 0.995475113122172,
      "accuracy": 0.9911699779249448,
      "support": 887
    },
    "31": {
      "precision": 1.0,
      "recall": 0.7641996557659209,
      "f1": 0.8663414634146341,
      "accuracy": 0.8487858719646799,
      "support": 581
    },
    "32": {
      "precision": 0.9977477477477478,
      "recall": 0.7896613190730838,
      "f1": 0.881592039800995,
      "accuracy": 0.8686534216335541,
      "support": 561
    },
    "33": {
      "precision": 0.9977477477477478,
      "recall": 0.7785588752196837,
      "f1": 0.8746298124383021,
      "accuracy": 0.8598233995584988,
      "support": 569
    },
    "34": {
      "precision": 1.0,
      "recall": 0.8112522686025408,
      "f1": 0.8957915831663327,
      "accuracy": 0.8852097130242825,
      "support": 551
    },
    "35": {
      "precision": 1.0,
      "recall": 0.7731239092495636,
      "f1": 0.8720472440944882,
      "accuracy": 0.8565121412803532,
      "support": 573
    },
    "36": {
      "precision": 0.9978354978354979,
      "recall": 0.8173758865248227,
      "f1": 0.898635477582846,
      "accuracy": 0.8852097130242825,
      "support": 564
    },
    "37": {
      "precision": 0.994328922495274,
      "recall": 0.8915254237288136,
      "f1": 0.9401251117068812,
      "accuracy": 0.9260485651214128,
      "support": 590
    },
    "38": {
      "precision": 1.0,
      "recall": 0.9909502262443439,
      "f1": 0.9954545454545455,
      "accuracy": 0.9911699779249448,
      "support": 884
    },
    "41": {
      "precision": 0.9977477477477478,
      "recall": 0.7799295774647887,
      "f1": 0.8754940711462451,
      "accuracy": 0.8609271523178808,
      "support": 568
    },
    "42": {
      "precision": 1.0,
      "recall": 0.7886323268206039,
      "f1": 0.8818272095332671,
      "accuracy": 0.8686534216335541,
      "support": 563
    },
    "43": {
      "precision": 0.9977477477477478,
      "recall": 0.7677642980935875,
      "f1": 0.8677766895200784,
      "accuracy": 0.8509933774834437,
      "support": 577
    },
    "44": {
      "precision": 1.0,
      "recall": 0.784452296819788,
      "f1": 0.8792079207920792,
      "accuracy": 0.8653421633554084,
      "support": 566
    },
    "45": {
      "precision": 1.0,
      "recall": 0.82,
      "f1": 0.9010989010989011,
      "accuracy": 0.890728476821192,
      "support": 550
    },
    "46": {
      "precision": 0.9936034115138592,
      "recall": 0.8381294964028777,
      "f1": 0.9092682926829269,
      "accuracy": 0.8973509933774835,
      "support": 556
    },
    "47": {
      "precision": 0.9943074003795066,
      "recall": 0.8791946308724832,
      "f1": 0.9332146037399822,
      "accuracy": 0.9172185430463576,
      "support": 596
    },
    "48": {
      "precision": 0.9965753424657534,
      "recall": 0.9909194097616345,
      "f1": 0.993739328400683,
      "accuracy": 0.9878587196467992,
      "support": 881
    }
  },
  "training_config": {
    "loss_function": "Dynamit_Loss",
    "learning_rate": 0.0005,
    "weight_decay": 0.05,
    "dropout_rate": 0.5,
    "batch_size": 16,
    "early_stopping_patience": 10,
    "min_delta": 0.001
  }
}