{
  "macro": {
    "macro_f1": 0.9015057155616272,
    "macro_accuracy": 0.8858650662251656
  },
  "per_tooth": {
    "11": {
      "precision": 1.0,
      "recall": 0.7996545768566494,
      "f1": 0.8886756238003839,
      "accuracy": 0.8719646799116998,
      "support": 579
    },
    "12": {
      "precision": 1.0,
      "recall": 0.8024263431542461,
      "f1": 0.8903846153846153,
      "accuracy": 0.8741721854304636,
      "support": 577
    },
    "13": {
      "precision": 1.0,
      "recall": 0.7716666666666666,
      "f1": 0.8711194731890874,
      "accuracy": 0.8487858719646799,
      "support": 600
    },
    "14": {
      "precision": 1.0,
      "recall": 0.7755443886097152,
      "f1": 0.8735849056603774,
      "accuracy": 0.8520971302428256,
      "support": 597
    },
    "15": {
      "precision": 1.0,
      "recall": 0.7982758620689655,
      "f1": 0.887823585810163,
      "accuracy": 0.8708609271523179,
      "support": 580
    },
    "16": {
      "precision": 1.0,
      "recall": 0.8151408450704225,
      "f1": 0.8981571290009699,
      "accuracy": 0.8841059602649006,
      "support": 568
    },
    "17": {
      "precision": 0.9701492537313433,
      "recall": 0.9154929577464789,
      "f1": 0.9420289855072463,
      "accuracy": 0.9205298013245033,
      "support": 639
    },
    "18": {
      "precision": 0.9954545454545455,
      "recall": 0.9931972789115646,
      "f1": 0.9943246311010215,
      "accuracy": 0.9889624724061811,
      "support": 882
    },
    "21": {
      "precision": 1.0,
      "recall": 0.774247491638796,
      "f1": 0.8727615457115928,
      "accuracy": 0.8509933774834437,
      "support": 598
    },
    "22": {
      "precision": 1.0,
      "recall": 0.8024263431542461,
      "f1": 0.8903846153846153,
      "accuracy": 0.8741721854304636,
      "support": 577
    },
    "23": {
      "precision": 1.0,
      "recall": 0.7755443886097152,
      "f1": 0.8735849056603774,
      "accuracy": 0.8520971302428256,
      "support": 597
    },
    "24": {
      "precision": 1.0,
      "recall": 0.7996545768566494,
      "f1": 0.8886756238003839,
      "accuracy": 0.8719646799116998,
      "support": 579
    },
    "25": {
      "precision": 1.0,
      "recall": 0.8066202090592335,
      "f1": 0.892960462873674,
      "accuracy": 0.8774834437086093,
      "support": 574
    },
    "26": {
      "precision": 1.0,
      "recall": 0.7887563884156729,
      "f1": 0.8819047619047619,
      "accuracy": 0.8631346578366446,
      "support": 587
    },
    "27": {
      "precision": 0.9652317880794702,
      "recall": 0.9388083735909822,
      "f1": 0.9518367346938775,
      "accuracy": 0.934878587196468,
      "support": 621
    },
    "28": {
      "precision": 0.9954597048808173,
      "recall": 0.9887260428410372,
      "f1": 0.9920814479638009,
      "accuracy": 0.9845474613686535,
      "support": 887
    },
    "31": {
      "precision": 1.0,
      "recall": 0.7624784853700516,
      "f1": 0.865234375,
      "accuracy": 0.847682119205298,
      "support": 581
    },
    "32": {
      "precision": 0.9977477477477478,
      "recall": 0.7896613190730838,
      "f1": 0.881592039800995,
      "accuracy": 0.8686534216335541,
      "support": 561
    },
    "33": {
      "precision": 0.9977477477477478,
      "recall": 0.7785588752196837,
      "f1": 0.8746298124383021,
      "accuracy": 0.8598233995584988,
      "support": 569
    },
    "34": {
      "precision": 1.0,
      "recall": 0.8039927404718693,
      "f1": 0.8913480885311871,
      "accuracy": 0.8807947019867549,
      "support": 551
    },
    "35": {
      "precision": 1.0,
      "recall": 0.7731239092495636,
      "f1": 0.8720472440944882,
      "accuracy": 0.8565121412803532,
      "support": 573
    },
    "36": {
      "precision": 0.9977477477477478,
      "recall": 0.7854609929078015,
      "f1": 0.878968253968254,
      "accuracy": 0.8653421633554084,
      "support": 564
    },
    "37": {
      "precision": 0.9866920152091255,
      "recall": 0.8796610169491526,
      "f1": 0.9301075268817204,
      "accuracy": 0.9139072847682119,
      "support": 590
    },
    "38": {
      "precision": 0.9953379953379954,
      "recall": 0.9660633484162896,
      "f1": 0.9804822043628014,
      "accuracy": 0.9624724061810155,
      "support": 884
    },
    "41": {
      "precision": 1.0,
      "recall": 0.7799295774647887,
      "f1": 0.8763600395647874,
      "accuracy": 0.8620309050772627,
      "support": 568
    },
    "42": {
      "precision": 1.0,
      "recall": 0.7868561278863233,
      "f1": 0.8807157057654076,
      "accuracy": 0.8675496688741722,
      "support": 563
    },
    "43": {
      "precision": 1.0,
      "recall": 0.7677642980935875,
      "f1": 0.8686274509803922,
      "accuracy": 0.8520971302428256,
      "support": 577
    },
    "44": {
      "precision": 1.0,
      "recall": 0.7826855123674912,
      "f1": 0.8780971258671952,
      "accuracy": 0.8642384105960265,
      "support": 566
    },
    "45": {
      "precision": 1.0,
      "recall": 0.8054545454545454,
      "f1": 0.892245720040282,
      "accuracy": 0.8818984547461368,
      "support": 550
    },
    "46": {
      "precision": 0.9977477477477478,
      "recall": 0.7967625899280576,
      "f1": 0.886,
      "accuracy": 0.8741721854304636,
      "support": 556
    },
    "47": {
      "precision": 1.0,
      "recall": 0.8456375838926175,
      "f1": 0.9163636363636364,
      "accuracy": 0.8984547461368654,
      "support": 596
    },
    "48": {
      "precision": 0.9965156794425087,
      "recall": 0.9738933030646992,
      "f1": 0.9850746268656716,
      "accuracy": 0.9713024282560706,
      "support": 881
    }
  }
}