{
  "overall_metrics": {
    "missing_precision": 0.9725075051350924,
    "missing_recall": 0.9697494879470616,
    "missing_f1": 0.9711265383401704,
    "missing_accuracy": 0.9820165094339622,
    "missing_balanced_accuracy": 0.9786626768546447,
    "missing_pr_auc_micro": 0.9902634921284873,
    "missing_pr_auc_macro": 0.9852381370469627,
    "jaw_precision": 1.0,
    "jaw_recall": 0.9967373572593801,
    "jaw_f1": 0.9983660130718954,
    "jaw_accuracy": 0.9984276729559748
  },
  "macro_metrics": {
    "macro_precision": 0.9702644856373486,
    "macro_recall": 0.9587725608600106,
    "macro_f1": 0.9642875668414723,
    "macro_accuracy": 0.981943141395213,
    "macro_support_min": 1,
    "macro_positions_per_jaw": 16,
    "macro_jaws_included": 2
  },
  "per_jaw_macro": {
    "upper": {
      "macro_precision": 0.9741813180852186,
      "macro_recall": 0.9662040931111329,
      "macro_f1": 0.9700291142000104,
      "macro_accuracy": 0.9839719271623673,
      "macro_positions": 16
    },
    "lower": {
      "macro_precision": 0.9663476531894786,
      "macro_recall": 0.9513410286088884,
      "macro_f1": 0.9585460194829343,
      "macro_accuracy": 0.9799143556280587,
      "macro_positions": 16
    }
  },
  "per_position_metrics": {
    "Upper_18": {
      "position": 0,
      "fdi": 18,
      "jaw": "upper",
      "precision": 0.9858934169278997,
      "recall": 0.9968304278922345,
      "f1": 0.9913317572892041,
      "accuracy": 0.9833080424886191,
      "support": 631
    },
    "Lower_48": {
      "position": 0,
      "fdi": 48,
      "jaw": "lower",
      "precision": 0.9796610169491525,
      "recall": 0.9948364888123924,
      "f1": 0.9871904355251921,
      "accuracy": 0.9755301794453507,
      "support": 581
    },
    "Upper_17": {
      "position": 1,
      "fdi": 17,
      "jaw": "upper",
      "precision": 0.979253112033195,
      "recall": 0.9672131147540983,
      "f1": 0.9731958762886598,
      "accuracy": 0.9802731411229135,
      "support": 244
    },
    "Lower_47": {
      "position": 1,
      "fdi": 47,
      "jaw": "lower",
      "precision": 0.9473684210526315,
      "recall": 0.9090909090909091,
      "f1": 0.9278350515463918,
      "accuracy": 0.9543230016313213,
      "support": 198
    },
    "Upper_16": {
      "position": 2,
      "fdi": 16,
      "jaw": "upper",
      "precision": 0.9733333333333334,
      "recall": 0.9668874172185431,
      "f1": 0.9700996677740864,
      "accuracy": 0.9863429438543247,
      "support": 151
    },
    "Lower_46": {
      "position": 2,
      "fdi": 46,
      "jaw": "lower",
      "precision": 0.9827586206896551,
      "recall": 0.95,
      "f1": 0.9661016949152542,
      "accuracy": 0.9869494290375204,
      "support": 120
    },
    "Upper_15": {
      "position": 3,
      "fdi": 15,
      "jaw": "upper",
      "precision": 0.9647887323943662,
      "recall": 0.958041958041958,
      "f1": 0.9614035087719298,
      "accuracy": 0.9833080424886191,
      "support": 143
    },
    "Lower_45": {
      "position": 3,
      "fdi": 45,
      "jaw": "lower",
      "precision": 0.9607843137254902,
      "recall": 0.9333333333333333,
      "f1": 0.9468599033816425,
      "accuracy": 0.9820554649265906,
      "support": 105
    },
    "Upper_14": {
      "position": 4,
      "fdi": 14,
      "jaw": "upper",
      "precision": 0.9856115107913669,
      "recall": 0.9383561643835616,
      "f1": 0.9614035087719298,
      "accuracy": 0.9833080424886191,
      "support": 146
    },
    "Lower_44": {
      "position": 4,
      "fdi": 44,
      "jaw": "lower",
      "precision": 0.9714285714285714,
      "recall": 0.9622641509433962,
      "f1": 0.966824644549763,
      "accuracy": 0.9885807504078303,
      "support": 106
    },
    "Upper_13": {
      "position": 5,
      "fdi": 13,
      "jaw": "upper",
      "precision": 0.9119170984455959,
      "recall": 0.9565217391304348,
      "f1": 0.9336870026525199,
      "accuracy": 0.9620637329286799,
      "support": 184
    },
    "Lower_43": {
      "position": 5,
      "fdi": 43,
      "jaw": "lower",
      "precision": 0.9844961240310077,
      "recall": 0.9621212121212122,
      "f1": 0.9731800766283525,
      "accuracy": 0.9885807504078303,
      "support": 132
    },
    "Upper_12": {
      "position": 6,
      "fdi": 12,
      "jaw": "upper",
      "precision": 0.9629629629629629,
      "recall": 0.9701492537313433,
      "f1": 0.966542750929368,
      "accuracy": 0.9863429438543247,
      "support": 134
    },
    "Lower_42": {
      "position": 6,
      "fdi": 42,
      "jaw": "lower",
      "precision": 0.9545454545454546,
      "recall": 1.0,
      "f1": 0.9767441860465116,
      "accuracy": 0.9918433931484503,
      "support": 105
    },
    "Upper_11": {
      "position": 7,
      "fdi": 11,
      "jaw": "upper",
      "precision": 1.0,
      "recall": 0.9848484848484849,
      "f1": 0.9923664122137404,
      "accuracy": 0.9969650986342944,
      "support": 132
    },
    "Lower_41": {
      "position": 7,
      "fdi": 41,
      "jaw": "lower",
      "precision": 0.981651376146789,
      "recall": 0.9385964912280702,
      "f1": 0.9596412556053812,
      "accuracy": 0.9853181076672104,
      "support": 114
    },
    "Upper_21": {
      "position": 8,
      "fdi": 21,
      "jaw": "upper",
      "precision": 0.9915254237288136,
      "recall": 0.9831932773109243,
      "f1": 0.9873417721518988,
      "accuracy": 0.9954476479514416,
      "support": 119
    },
    "Lower_31": {
      "position": 8,
      "fdi": 31,
      "jaw": "lower",
      "precision": 0.943089430894309,
      "recall": 0.9666666666666667,
      "f1": 0.9547325102880658,
      "accuracy": 0.9820554649265906,
      "support": 120
    },
    "Upper_22": {
      "position": 9,
      "fdi": 22,
      "jaw": "upper",
      "precision": 1.0,
      "recall": 0.9682539682539683,
      "f1": 0.9838709677419355,
      "accuracy": 0.9939301972685888,
      "support": 126
    },
    "Lower_32": {
      "position": 9,
      "fdi": 32,
      "jaw": "lower",
      "precision": 0.972972972972973,
      "recall": 0.9642857142857143,
      "f1": 0.968609865470852,
      "accuracy": 0.9885807504078303,
      "support": 112
    },
    "Upper_23": {
      "position": 10,
      "fdi": 23,
      "jaw": "upper",
      "precision": 0.9735099337748344,
      "recall": 0.9363057324840764,
      "f1": 0.9545454545454546,
      "accuracy": 0.9787556904400607,
      "support": 157
    },
    "Lower_33": {
      "position": 10,
      "fdi": 33,
      "jaw": "lower",
      "precision": 1.0,
      "recall": 0.9365079365079365,
      "f1": 0.9672131147540983,
      "accuracy": 0.9869494290375204,
      "support": 126
    },
    "Upper_24": {
      "position": 11,
      "fdi": 24,
      "jaw": "upper",
      "precision": 0.9727272727272728,
      "recall": 0.9553571428571429,
      "f1": 0.963963963963964,
      "accuracy": 0.9878603945371776,
      "support": 112
    },
    "Lower_34": {
      "position": 11,
      "fdi": 34,
      "jaw": "lower",
      "precision": 0.9642857142857143,
      "recall": 0.9,
      "f1": 0.9310344827586207,
      "accuracy": 0.9738988580750407,
      "support": 120
    },
    "Upper_25": {
      "position": 12,
      "fdi": 25,
      "jaw": "upper",
      "precision": 0.9682539682539683,
      "recall": 0.9457364341085271,
      "f1": 0.9568627450980393,
      "accuracy": 0.9833080424886191,
      "support": 129
    },
    "Lower_35": {
      "position": 12,
      "fdi": 35,
      "jaw": "lower",
      "precision": 0.954954954954955,
      "recall": 0.9298245614035088,
      "f1": 0.9422222222222222,
      "accuracy": 0.9787928221859706,
      "support": 114
    },
    "Upper_26": {
      "position": 13,
      "fdi": 26,
      "jaw": "upper",
      "precision": 0.9928571428571429,
      "recall": 0.9652777777777778,
      "f1": 0.9788732394366197,
      "accuracy": 0.9908952959028832,
      "support": 144
    },
    "Lower_36": {
      "position": 13,
      "fdi": 36,